"id","likesCount","media/gif_media_id","media/images/fixed_height/height","media/images/fixed_height/mp4","media/images/fixed_height/mp4_size","media/images/fixed_height/size","media/images/fixed_height/url","media/images/fixed_height/webp","media/images/fixed_height/webp_size","media/images/fixed_height/width","media/is_sticker","media/title","media/username","owner/fbid_v2","owner/full_name","owner/id","owner/is_mentionable","owner/is_private","owner/is_verified","owner/latest_reel_media","owner/profile_pic_id","owner/profile_pic_url","owner/username","ownerProfilePicUrl","ownerUsername","postUrl","repliesCount","text","timestamp"
"18015517004348883","1",,,,,,,,,,,,,"17841464680369812","Chubby _queen 🐼🐼😘😘","64638508012","false","true","false",,,"https://instagram.fcia7-1.fna.fbcdn.net/v/t51.2885-19/464760996_1254146839119862_3605321457742435801_n.png?stp=dst-jpg_e0_s150x150_tt6&cb=8577c754-c2464923&_nc_ht=instagram.fcia7-1.fna.fbcdn.net&_nc_cat=1&_nc_ohc=w2biA7W10AIQ7kNvgGnBtzQ&_nc_gid=3c0aa3daa8324547a74aa5a050597cac&edm=AJ9x6zYBAAAA&ccb=7-5&ig_cache_key=YW5vbnltb3VzX3Byb2ZpbGVfcGlj.3-ccb7-5-cb8577c754-c2464923&oh=00_AYBi8RVO22661B3lb0OG3O6v_lme9suVQkSJJLyaZxNC6w&oe=67A37E28&_nc_sid=65462d","siri_7wonder_girl","https://instagram.fcia7-1.fna.fbcdn.net/v/t51.2885-19/464760996_1254146839119862_3605321457742435801_n.png?stp=dst-jpg_e0_s150x150_tt6&cb=8577c754-c2464923&_nc_ht=instagram.fcia7-1.fna.fbcdn.net&_nc_cat=1&_nc_ohc=w2biA7W10AIQ7kNvgGnBtzQ&_nc_gid=3c0aa3daa8324547a74aa5a050597cac&edm=AJ9x6zYBAAAA&ccb=7-5&ig_cache_key=YW5vbnltb3VzX3Byb2ZpbGVfcGlj.3-ccb7-5-cb8577c754-c2464923&oh=00_AYBi8RVO22661B3lb0OG3O6v_lme9suVQkSJJLyaZxNC6w&oe=67A37E28&_nc_sid=65462d","siri_7wonder_girl","https://www.instagram.com/p/C7HhHTmNA4_/?igsh=MXRxbmFvNjl2ZGtpaw==","0","All the best for your more success ❤️ I","2024-05-19T02:33:59.000Z"
"17957000477784693","1",,,,,,,,,,,,,"17841452648088134","Adithya1234","52625074936","true","false","false","0","3436337554287417681","https://scontent-dus1-1.cdninstagram.com/v/t51.2885-19/455098754_1542823503316417_3850436428798826743_n.jpg?stp=dst-jpg_e0_s150x150_tt6&_nc_ht=scontent-dus1-1.cdninstagram.com&_nc_cat=101&_nc_ohc=id8RJbTXpfwQ7kNvgGQ-gac&_nc_gid=dac4e220f5a74a9b9acbfcd46bb63f5b&edm=AId3EpQBAAAA&ccb=7-5&oh=00_AYCu0oI85U-JZs-GS9uBOImsHsJPm4zXU1d2ZNNfHEf3XA&oe=67A396CF&_nc_sid=f5838a","adithya_2549","https://scontent-dus1-1.cdninstagram.com/v/t51.2885-19/455098754_1542823503316417_3850436428798826743_n.jpg?stp=dst-jpg_e0_s150x150_tt6&_nc_ht=scontent-dus1-1.cdninstagram.com&_nc_cat=101&_nc_ohc=id8RJbTXpfwQ7kNvgGQ-gac&_nc_gid=dac4e220f5a74a9b9acbfcd46bb63f5b&edm=AId3EpQBAAAA&ccb=7-5&oh=00_AYCu0oI85U-JZs-GS9uBOImsHsJPm4zXU1d2ZNNfHEf3XA&oe=67A396CF&_nc_sid=f5838a","adithya_2549","https://www.instagram.com/p/C7HhHTmNA4_/?igsh=MXRxbmFvNjl2ZGtpaw==","0","❤️luv this film so much😍","2024-05-18T17:05:07.000Z"
"18043799722743951","1",,,,,,,,,,,,,"17841453909762510","ساليي","53780084992","true","false","false","0",,"https://instagram.fcia7-1.fna.fbcdn.net/v/t51.2885-19/464760996_1254146839119862_3605321457742435801_n.png?stp=dst-jpg_e0_s150x150_tt6&cb=8577c754-c2464923&_nc_ht=instagram.fcia7-1.fna.fbcdn.net&_nc_cat=1&_nc_ohc=w2biA7W10AIQ7kNvgGnBtzQ&_nc_gid=3c0aa3daa8324547a74aa5a050597cac&edm=AJ9x6zYBAAAA&ccb=7-5&ig_cache_key=YW5vbnltb3VzX3Byb2ZpbGVfcGlj.3-ccb7-5-cb8577c754-c2464923&oh=00_AYBi8RVO22661B3lb0OG3O6v_lme9suVQkSJJLyaZxNC6w&oe=67A37E28&_nc_sid=65462d","salehamael","https://instagram.fcia7-1.fna.fbcdn.net/v/t51.2885-19/464760996_1254146839119862_3605321457742435801_n.png?stp=dst-jpg_e0_s150x150_tt6&cb=8577c754-c2464923&_nc_ht=instagram.fcia7-1.fna.fbcdn.net&_nc_cat=1&_nc_ohc=w2biA7W10AIQ7kNvgGnBtzQ&_nc_gid=3c0aa3daa8324547a74aa5a050597cac&edm=AJ9x6zYBAAAA&ccb=7-5&ig_cache_key=YW5vbnltb3VzX3Byb2ZpbGVfcGlj.3-ccb7-5-cb8577c754-c2464923&oh=00_AYBi8RVO22661B3lb0OG3O6v_lme9suVQkSJJLyaZxNC6w&oe=67A37E28&_nc_sid=65462d","salehamael","https://www.instagram.com/p/C7HhHTmNA4_/?igsh=MXRxbmFvNjl2ZGtpaw==","0","❤️","2024-05-19T08:07:07.000Z"
"18038671657878666","1",,,,,,,,,,,,,"17841403464031772","Aswanth Jayaraj Pm","3534171467","true","false","false","1738344512","3222163519134596973","https://scontent-dus1-1.cdninstagram.com/v/t51.2885-19/396159584_311544808290283_4584812158140692481_n.jpg?stp=dst-jpg_e0_s150x150_tt6&_nc_ht=scontent-dus1-1.cdninstagram.com&_nc_cat=107&_nc_ohc=7ctu7PI_xeYQ7kNvgECQ4pI&_nc_gid=dac4e220f5a74a9b9acbfcd46bb63f5b&edm=AId3EpQBAAAA&ccb=7-5&oh=00_AYCzVUXPIEtBqJOmsFQjlKGk_8n6vn8I9KS1pZ30TYj0Ig&oe=67A36B3E&_nc_sid=f5838a","aswanthjayaraj","https://scontent-dus1-1.cdninstagram.com/v/t51.2885-19/396159584_311544808290283_4584812158140692481_n.jpg?stp=dst-jpg_e0_s150x150_tt6&_nc_ht=scontent-dus1-1.cdninstagram.com&_nc_cat=107&_nc_ohc=7ctu7PI_xeYQ7kNvgECQ4pI&_nc_gid=dac4e220f5a74a9b9acbfcd46bb63f5b&edm=AId3EpQBAAAA&ccb=7-5&oh=00_AYCzVUXPIEtBqJOmsFQjlKGk_8n6vn8I9KS1pZ30TYj0Ig&oe=67A36B3E&_nc_sid=f5838a","aswanthjayaraj","https://www.instagram.com/p/C7HhHTmNA4_/?igsh=MXRxbmFvNjl2ZGtpaw==","0","😍😍😍","2024-05-19T07:09:47.000Z"
"18443964961026019","1",,,,,,,,,,,,,"17841451695820728","Rameez PM","51605835194","true","false","false","0","3133436909363021524","https://scontent-dus1-1.cdninstagram.com/v/t51.2885-19/356592019_608950344694084_1393608050444874780_n.jpg?stp=dst-jpg_e0_s150x150_tt6&_nc_ht=scontent-dus1-1.cdninstagram.com&_nc_cat=104&_nc_ohc=ocbNTbOncXsQ7kNvgHSAhH2&_nc_gid=dac4e220f5a74a9b9acbfcd46bb63f5b&edm=AId3EpQBAAAA&ccb=7-5&oh=00_AYA3ZvxLlCawesBi2KCJe-De-Mn3A0xcEYmqy2_BGS8PWA&oe=67A39C3A&_nc_sid=f5838a","rameezpm_official","https://scontent-dus1-1.cdninstagram.com/v/t51.2885-19/356592019_608950344694084_1393608050444874780_n.jpg?stp=dst-jpg_e0_s150x150_tt6&_nc_ht=scontent-dus1-1.cdninstagram.com&_nc_cat=104&_nc_ohc=ocbNTbOncXsQ7kNvgHSAhH2&_nc_gid=dac4e220f5a74a9b9acbfcd46bb63f5b&edm=AId3EpQBAAAA&ccb=7-5&oh=00_AYA3ZvxLlCawesBi2KCJe-De-Mn3A0xcEYmqy2_BGS8PWA&oe=67A39C3A&_nc_sid=f5838a","rameezpm_official","https://www.instagram.com/p/C7HhHTmNA4_/?igsh=MXRxbmFvNjl2ZGtpaw==","0","👌👌👌⭐⭐⭐","2024-05-18T18:25:16.000Z"
"18007408202587593","1",,,,,,,,,,,,,"17841460709723204","ÀLIEN","60585647657","true","false","false","0","3458555047054295610","https://scontent-dus1-1.cdninstagram.com/v/t51.2885-19/460268971_477285668469780_5798415651738858816_n.jpg?stp=dst-jpg_e0_s150x150_tt6&_nc_ht=scontent-dus1-1.cdninstagram.com&_nc_cat=100&_nc_ohc=sgX3NcNyi8YQ7kNvgHwspY_&_nc_gid=dac4e220f5a74a9b9acbfcd46bb63f5b&edm=AId3EpQBAAAA&ccb=7-5&oh=00_AYDjPYeRnX6iP-AmL994Lm241_qx0TYDt57vlx7MRhgipQ&oe=67A36D41&_nc_sid=f5838a","mynameisasuran","https://scontent-dus1-1.cdninstagram.com/v/t51.2885-19/460268971_477285668469780_5798415651738858816_n.jpg?stp=dst-jpg_e0_s150x150_tt6&_nc_ht=scontent-dus1-1.cdninstagram.com&_nc_cat=100&_nc_ohc=sgX3NcNyi8YQ7kNvgHwspY_&_nc_gid=dac4e220f5a74a9b9acbfcd46bb63f5b&edm=AId3EpQBAAAA&ccb=7-5&oh=00_AYDjPYeRnX6iP-AmL994Lm241_qx0TYDt57vlx7MRhgipQ&oe=67A36D41&_nc_sid=f5838a","mynameisasuran","https://www.instagram.com/p/C7HhHTmNA4_/?igsh=MXRxbmFvNjl2ZGtpaw==","0","ചേട്ടാ പടം ഞാൻ കണ്ടു. വളരെ ഇഷ്ട്ടപെട്ടു.ഈ പ്രമോഷൻപോസ്റ്റ് ഇടുന്നത് ഒരു അല്പം കുറയ്ക്കാൻ പറ്റുമോ pls ❤️","2024-05-18T19:56:23.000Z"
"17861640681148638","3",,,,,,,,,,,,,"17841463874021694","5⭐️","63853553134","true","false","false","0","3367516949409097498","https://scontent-dus1-1.cdninstagram.com/v/t51.2885-19/441578159_1881280575667919_4841078900369149473_n.jpg?stp=dst-jpg_e0_s150x150_tt6&_nc_ht=scontent-dus1-1.cdninstagram.com&_nc_cat=111&_nc_ohc=wdf8fdey-IcQ7kNvgHDqo3r&_nc_gid=dac4e220f5a74a9b9acbfcd46bb63f5b&edm=AId3EpQBAAAA&ccb=7-5&oh=00_AYADj6kkQpgZjOKf36R3qVlr-42mKFlDD-BZpkWHtzcmVw&oe=67A38BAD&_nc_sid=f5838a","darknytbase","https://scontent-dus1-1.cdninstagram.com/v/t51.2885-19/441578159_1881280575667919_4841078900369149473_n.jpg?stp=dst-jpg_e0_s150x150_tt6&_nc_ht=scontent-dus1-1.cdninstagram.com&_nc_cat=111&_nc_ohc=wdf8fdey-IcQ7kNvgHDqo3r&_nc_gid=dac4e220f5a74a9b9acbfcd46bb63f5b&edm=AId3EpQBAAAA&ccb=7-5&oh=00_AYADj6kkQpgZjOKf36R3qVlr-42mKFlDD-BZpkWHtzcmVw&oe=67A38BAD&_nc_sid=f5838a","darknytbase","https://www.instagram.com/p/C7HhHTmNA4_/?igsh=MXRxbmFvNjl2ZGtpaw==","0","ഒരു avg മൂവി എങ്ങനെ തള്ളി സൂപ്പർഹിറ്റ് അടിക്കാം കഷ്ടം തന്നെ മുതലാളി","2024-05-19T04:22:22.000Z"
"17976368951695476","1",,,,,,,,,,,,,"17841402028635252","Sandy Vlogs 😎","1962027621","true","false","false","1738387758","3519958033083089761","https://scontent-ber1-1.cdninstagram.com/v/t51.2885-19/469433164_1525987194727887_6194090600553350169_n.jpg?stp=dst-jpg_e0_s150x150_tt6&_nc_ht=scontent-ber1-1.cdninstagram.com&_nc_cat=103&_nc_ohc=2WscUuhiJggQ7kNvgHB17Nz&_nc_gid=8b82c7bb6de74375bd208983ebb97cb4&edm=AId3EpQBAAAA&ccb=7-5&oh=00_AYAZ3ZBmRROWNKFn8oBDNFmeZdK0g1cQVjyWKVy7oZYDyg&oe=67A38B28&_nc_sid=f5838a","shiva_flyman","https://scontent-ber1-1.cdninstagram.com/v/t51.2885-19/469433164_1525987194727887_6194090600553350169_n.jpg?stp=dst-jpg_e0_s150x150_tt6&_nc_ht=scontent-ber1-1.cdninstagram.com&_nc_cat=103&_nc_ohc=2WscUuhiJggQ7kNvgHB17Nz&_nc_gid=8b82c7bb6de74375bd208983ebb97cb4&edm=AId3EpQBAAAA&ccb=7-5&oh=00_AYAZ3ZBmRROWNKFn8oBDNFmeZdK0g1cQVjyWKVy7oZYDyg&oe=67A38B28&_nc_sid=f5838a","shiva_flyman","https://www.instagram.com/p/C7Aoz9-vaGt/?igsh=MW03N245dG1uZmNkYg==","0","Nan ready aayi for marriage ❤️","2024-05-16T01:14:20.000Z"
"18024432617124802","1",,,,,,,,,,,,,"17841464680369812","Chubby _queen 🐼🐼😘😘","64638508012","false","true","false",,,"https://instagram.fnag10-1.fna.fbcdn.net/v/t51.2885-19/464760996_1254146839119862_3605321457742435801_n.png?stp=dst-jpg_e0_s150x150_tt6&cb=8577c754-c2464923&_nc_ht=instagram.fnag10-1.fna.fbcdn.net&_nc_cat=1&_nc_ohc=w2biA7W10AIQ7kNvgHqm7H5&_nc_gid=3e054731551e4401a5dd3bbdfdb9b447&edm=ABNadAIBAAAA&ccb=7-5&ig_cache_key=YW5vbnltb3VzX3Byb2ZpbGVfcGlj.3-ccb7-5-cb8577c754-c2464923&oh=00_AYBP1ocY5Gs0mclBEOdz7uP7BROMA2T1THf5dDnqx5s7Fw&oe=67A37E28&_nc_sid=b8d963","siri_7wonder_girl","https://instagram.fnag10-1.fna.fbcdn.net/v/t51.2885-19/464760996_1254146839119862_3605321457742435801_n.png?stp=dst-jpg_e0_s150x150_tt6&cb=8577c754-c2464923&_nc_ht=instagram.fnag10-1.fna.fbcdn.net&_nc_cat=1&_nc_ohc=w2biA7W10AIQ7kNvgHqm7H5&_nc_gid=3e054731551e4401a5dd3bbdfdb9b447&edm=ABNadAIBAAAA&ccb=7-5&ig_cache_key=YW5vbnltb3VzX3Byb2ZpbGVfcGlj.3-ccb7-5-cb8577c754-c2464923&oh=00_AYBP1ocY5Gs0mclBEOdz7uP7BROMA2T1THf5dDnqx5s7Fw&oe=67A37E28&_nc_sid=b8d963","siri_7wonder_girl","https://www.instagram.com/p/C7Aoz9-vaGt/?igsh=MW03N245dG1uZmNkYg==","0","Telugu version Is there","2024-05-16T01:02:15.000Z"
"17854580502141612","1",,,,,,,,,,,,,"17841404195912694","K҉A҉6҉M҉A҉","4261555863","false","false","false","0","3547638812723792425","https://scontent-ber1-1.cdninstagram.com/v/t51.2885-19/474065485_1328309355287018_6965257388863090984_n.jpg?stp=dst-jpg_e0_s150x150_tt6&_nc_ht=scontent-ber1-1.cdninstagram.com&_nc_cat=102&_nc_ohc=8ykdg5BNiwIQ7kNvgFz2FLx&_nc_gid=8b82c7bb6de74375bd208983ebb97cb4&edm=AId3EpQBAAAA&ccb=7-5&oh=00_AYBNLuhEijDa1zZuV4c1XgEo--gc5HSfWmuwSD138-Z3HA&oe=67A37B92&_nc_sid=f5838a","k_a_6_m_a","https://scontent-ber1-1.cdninstagram.com/v/t51.2885-19/474065485_1328309355287018_6965257388863090984_n.jpg?stp=dst-jpg_e0_s150x150_tt6&_nc_ht=scontent-ber1-1.cdninstagram.com&_nc_cat=102&_nc_ohc=8ykdg5BNiwIQ7kNvgFz2FLx&_nc_gid=8b82c7bb6de74375bd208983ebb97cb4&edm=AId3EpQBAAAA&ccb=7-5&oh=00_AYBNLuhEijDa1zZuV4c1XgEo--gc5HSfWmuwSD138-Z3HA&oe=67A37B92&_nc_sid=f5838a","k_a_6_m_a","https://www.instagram.com/p/C7Aoz9-vaGt/?igsh=MW03N245dG1uZmNkYg==","0","ഈ കല്യാണം ഞാൻ പൊളിക്കും 😂😂😂😂😂😂","2024-05-16T00:57:09.000Z"
"18392816257101232","0",,,,,,,,,,,,,"17841463620465310","R.Jeya","63642480682","true","false","false","0","3372704859006139091","https://scontent-ham3-1.cdninstagram.com/v/t51.2885-19/445298863_1192692818557181_7023705026338897884_n.jpg?stp=dst-jpg_e0_s150x150_tt6&_nc_ht=scontent-ham3-1.cdninstagram.com&_nc_cat=105&_nc_ohc=k3v6mlH3O1wQ7kNvgGsozkJ&_nc_gid=dfffac2aab5d42c38cc28747ec25bde5&edm=AId3EpQBAAAA&ccb=7-5&oh=00_AYBP-WdeBzfx_m_rLwh5bmvMiMP3yD1yZ1TCmPzCMrMkKA&oe=67A36B25&_nc_sid=f5838a","r.jeya46","https://scontent-ham3-1.cdninstagram.com/v/t51.2885-19/445298863_1192692818557181_7023705026338897884_n.jpg?stp=dst-jpg_e0_s150x150_tt6&_nc_ht=scontent-ham3-1.cdninstagram.com&_nc_cat=105&_nc_ohc=k3v6mlH3O1wQ7kNvgGsozkJ&_nc_gid=dfffac2aab5d42c38cc28747ec25bde5&edm=AId3EpQBAAAA&ccb=7-5&oh=00_AYBP-WdeBzfx_m_rLwh5bmvMiMP3yD1yZ1TCmPzCMrMkKA&oe=67A36B25&_nc_sid=f5838a","r.jeya46","https://www.instagram.com/p/DFEq_gySXc-/?igsh=MXM3MHg4ZDNjYWdnNw==","0","❤️❤️❤️❤️❤️❤️❤️❤️","2025-01-21T03:57:11.000Z"
"18027392975321897","0",,,,,,,,,,,,,"17841443982027252","GVR, KKM, CKD, WKY, AREA COMMITTEE, REG NO :644/08","44058018067","true","false","false","1738340532","3134964671812541834","https://scontent-ham3-1.cdninstagram.com/v/t51.2885-19/356221697_656215652597430_3620232533136198235_n.jpg?stp=dst-jpg_e0_s150x150_tt6&_nc_ht=scontent-ham3-1.cdninstagram.com&_nc_cat=106&_nc_ohc=AHADsk6xZGgQ7kNvgEHBOKG&_nc_gid=dfffac2aab5d42c38cc28747ec25bde5&edm=AId3EpQBAAAA&ccb=7-5&oh=00_AYDhY9y5MDLf5HULpVJi9hQ1NsG88thNOHH47yLR0QKb_A&oe=67A36C06&_nc_sid=f5838a","akpfwa__thrissur_district__","https://scontent-ham3-1.cdninstagram.com/v/t51.2885-19/356221697_656215652597430_3620232533136198235_n.jpg?stp=dst-jpg_e0_s150x150_tt6&_nc_ht=scontent-ham3-1.cdninstagram.com&_nc_cat=106&_nc_ohc=AHADsk6xZGgQ7kNvgEHBOKG&_nc_gid=dfffac2aab5d42c38cc28747ec25bde5&edm=AId3EpQBAAAA&ccb=7-5&oh=00_AYDhY9y5MDLf5HULpVJi9hQ1NsG88thNOHH47yLR0QKb_A&oe=67A36C06&_nc_sid=f5838a","akpfwa__thrissur_district__","https://www.instagram.com/p/DFEq_gySXc-/?igsh=MXM3MHg4ZDNjYWdnNw==","0","❤️","2025-01-21T07:24:40.000Z"
"18064186057846837","1",,,,,,,,,,,,,"17841460606386904","Stephy Isac","60695236212","true","false","false","1738314045","3556363811433072497","https://scontent-ham3-1.cdninstagram.com/v/t51.2885-19/475488014_632855349297719_6462813475881712668_n.jpg?stp=dst-jpg_e0_s150x150_tt6&_nc_ht=scontent-ham3-1.cdninstagram.com&_nc_cat=111&_nc_ohc=jlR0nGLHmN0Q7kNvgGRjS0s&_nc_gid=dfffac2aab5d42c38cc28747ec25bde5&edm=AId3EpQBAAAA&ccb=7-5&oh=00_AYBVx3AZy5oHGZXAiCzJwFX4jzya7d0kcdPlyokXZ81XQA&oe=67A37F1D&_nc_sid=f5838a","sarama9282","https://scontent-ham3-1.cdninstagram.com/v/t51.2885-19/475488014_632855349297719_6462813475881712668_n.jpg?stp=dst-jpg_e0_s150x150_tt6&_nc_ht=scontent-ham3-1.cdninstagram.com&_nc_cat=111&_nc_ohc=jlR0nGLHmN0Q7kNvgGRjS0s&_nc_gid=dfffac2aab5d42c38cc28747ec25bde5&edm=AId3EpQBAAAA&ccb=7-5&oh=00_AYBVx3AZy5oHGZXAiCzJwFX4jzya7d0kcdPlyokXZ81XQA&oe=67A37F1D&_nc_sid=f5838a","sarama9282","https://www.instagram.com/p/DFEq_gySXc-/?igsh=MXM3MHg4ZDNjYWdnNw==","0","❤️❤️","2025-01-21T06:51:24.000Z"
"17865242238244052","0",,,,,,,,,,,,,"17841462178754566","arun","62196528625","true","true","false",,"3545443715932451664","https://scontent-ham3-1.cdninstagram.com/v/t51.2885-19/473169544_1790565198447159_1660313745006738800_n.jpg?stp=dst-jpg_e0_s150x150_tt6&_nc_ht=scontent-ham3-1.cdninstagram.com&_nc_cat=103&_nc_ohc=M7ZrGXP90kkQ7kNvgEOoX3w&_nc_gid=dfffac2aab5d42c38cc28747ec25bde5&edm=AId3EpQBAAAA&ccb=7-5&oh=00_AYCbPex63KF5RE0z16GlSVKJT-pYcr0Uwfvq6fc8bnGxuQ&oe=67A375CF&_nc_sid=f5838a","arrun_arravind","https://scontent-ham3-1.cdninstagram.com/v/t51.2885-19/473169544_1790565198447159_1660313745006738800_n.jpg?stp=dst-jpg_e0_s150x150_tt6&_nc_ht=scontent-ham3-1.cdninstagram.com&_nc_cat=103&_nc_ohc=M7ZrGXP90kkQ7kNvgEOoX3w&_nc_gid=dfffac2aab5d42c38cc28747ec25bde5&edm=AId3EpQBAAAA&ccb=7-5&oh=00_AYCbPex63KF5RE0z16GlSVKJT-pYcr0Uwfvq6fc8bnGxuQ&oe=67A375CF&_nc_sid=f5838a","arrun_arravind","https://www.instagram.com/p/DFEq_gySXc-/?igsh=MXM3MHg4ZDNjYWdnNw==","0","empuraan release cheythu kond varunna march 27 nu nte birthday aghoshamakkan pokunna prthivikk aasamsakalum nte nanniyum","2025-01-30T16:19:42.000Z"
"18056030225491795","1",,,,,,,,,,,,,"17841459028990236","Brothers Of Rajuettan","58801903633","true","false","false","1738328044","3301817362781057911","https://scontent-ham3-1.cdninstagram.com/v/t51.2885-19/426355082_299712753111014_1708828909663647153_n.jpg?stp=dst-jpg_e0_s150x150_tt6&_nc_ht=scontent-ham3-1.cdninstagram.com&_nc_cat=102&_nc_ohc=8M9znr-LZgMQ7kNvgHaF37o&_nc_gid=dfffac2aab5d42c38cc28747ec25bde5&edm=AId3EpQBAAAA&ccb=7-5&oh=00_AYB6-W83TXQ-_BMccI8HXWI0TxVuJ5SyYTke_6c9QSa1aA&oe=67A3943B&_nc_sid=f5838a","prithviraj_the_boss","https://scontent-ham3-1.cdninstagram.com/v/t51.2885-19/426355082_299712753111014_1708828909663647153_n.jpg?stp=dst-jpg_e0_s150x150_tt6&_nc_ht=scontent-ham3-1.cdninstagram.com&_nc_cat=102&_nc_ohc=8M9znr-LZgMQ7kNvgHaF37o&_nc_gid=dfffac2aab5d42c38cc28747ec25bde5&edm=AId3EpQBAAAA&ccb=7-5&oh=00_AYB6-W83TXQ-_BMccI8HXWI0TxVuJ5SyYTke_6c9QSa1aA&oe=67A3943B&_nc_sid=f5838a","prithviraj_the_boss","https://www.instagram.com/p/DFEq_gySXc-/?igsh=MXM3MHg4ZDNjYWdnNw==","0","❤️❤️🔥🔥","2025-01-21T04:05:43.000Z"
"18033202931574963","0",,,,,,,,,,,,,"17841409032313376","Bharadwaj P Menon","8907013077","false","false","false","0","3496250562822646243","https://scontent-ham3-1.cdninstagram.com/v/t51.2885-19/466167534_494561799710300_162594160655877785_n.jpg?stp=dst-jpg_e0_s150x150_tt6&_nc_ht=scontent-ham3-1.cdninstagram.com&_nc_cat=108&_nc_ohc=OW5aZnimybsQ7kNvgFjxd5a&_nc_gid=dfffac2aab5d42c38cc28747ec25bde5&edm=AId3EpQBAAAA&ccb=7-5&oh=00_AYDv_ahyE0h6mzuAm8Dsu1lreT5PjD9zb6S1P6u8Th0ACQ&oe=67A36B88&_nc_sid=f5838a","bharadwajpmenon","https://scontent-ham3-1.cdninstagram.com/v/t51.2885-19/466167534_494561799710300_162594160655877785_n.jpg?stp=dst-jpg_e0_s150x150_tt6&_nc_ht=scontent-ham3-1.cdninstagram.com&_nc_cat=108&_nc_ohc=OW5aZnimybsQ7kNvgFjxd5a&_nc_gid=dfffac2aab5d42c38cc28747ec25bde5&edm=AId3EpQBAAAA&ccb=7-5&oh=00_AYDv_ahyE0h6mzuAm8Dsu1lreT5PjD9zb6S1P6u8Th0ACQ&oe=67A36B88&_nc_sid=f5838a","bharadwajpmenon","https://www.instagram.com/p/DFEq_gySXc-/?igsh=MXM3MHg4ZDNjYWdnNw==","0","😍😍😍","2025-01-21T18:39:01.000Z"
"18089825485530334","0",,,,,,,,,,,,,"17841408384255906","Pranav Teophine","8207255475","true","false","false","0","3385978284784853472","https://scontent-ham3-1.cdninstagram.com/v/t51.2885-19/447986261_993034845856494_6333237230746011531_n.jpg?stp=dst-jpg_e0_s150x150_tt6&_nc_ht=scontent-ham3-1.cdninstagram.com&_nc_cat=106&_nc_ohc=WwDJBNmki14Q7kNvgFN9ntu&_nc_gid=dfffac2aab5d42c38cc28747ec25bde5&edm=AId3EpQBAAAA&ccb=7-5&oh=00_AYD9K1p9JMrF_VFxdifK4izYAnwiIBgiPuhJGeMXA5P-pQ&oe=67A39620&_nc_sid=f5838a","pranav_teophine_","https://scontent-ham3-1.cdninstagram.com/v/t51.2885-19/447986261_993034845856494_6333237230746011531_n.jpg?stp=dst-jpg_e0_s150x150_tt6&_nc_ht=scontent-ham3-1.cdninstagram.com&_nc_cat=106&_nc_ohc=WwDJBNmki14Q7kNvgFN9ntu&_nc_gid=dfffac2aab5d42c38cc28747ec25bde5&edm=AId3EpQBAAAA&ccb=7-5&oh=00_AYD9K1p9JMrF_VFxdifK4izYAnwiIBgiPuhJGeMXA5P-pQ&oe=67A39620&_nc_sid=f5838a","pranav_teophine_","https://www.instagram.com/p/DFEq_gySXc-/?igsh=MXM3MHg4ZDNjYWdnNw==","0","❤️❤️❤️","2025-01-21T04:47:23.000Z"
"18053138585025920","2",,,,,,,,,,,,,"17841437954482888","Iamspeedwheeler","38023097149","true","false","false","0","3303574526326750820","https://scontent-ham3-1.cdninstagram.com/v/t51.2885-19/427507986_918304343325506_5782063735555979913_n.jpg?stp=dst-jpg_e0_s150x150_tt6&_nc_ht=scontent-ham3-1.cdninstagram.com&_nc_cat=102&_nc_ohc=IqdSb-48BAwQ7kNvgEc781o&_nc_gid=dfffac2aab5d42c38cc28747ec25bde5&edm=AId3EpQBAAAA&ccb=7-5&oh=00_AYCX8DRahDbMSSSCVFwsu9H_qLNTtoTPo1WhHNpoZgUPDA&oe=67A39EDD&_nc_sid=f5838a","the_speed_wheeler","https://scontent-ham3-1.cdninstagram.com/v/t51.2885-19/427507986_918304343325506_5782063735555979913_n.jpg?stp=dst-jpg_e0_s150x150_tt6&_nc_ht=scontent-ham3-1.cdninstagram.com&_nc_cat=102&_nc_ohc=IqdSb-48BAwQ7kNvgEc781o&_nc_gid=dfffac2aab5d42c38cc28747ec25bde5&edm=AId3EpQBAAAA&ccb=7-5&oh=00_AYCX8DRahDbMSSSCVFwsu9H_qLNTtoTPo1WhHNpoZgUPDA&oe=67A39EDD&_nc_sid=f5838a","the_speed_wheeler","https://www.instagram.com/p/DFEq_gySXc-/?igsh=MXM3MHg4ZDNjYWdnNw==","0","നിന്നോട് ആരാടാ പറഞ്ഞെ നീ വിളിച്ചിട്ടാ ഞാൻ വന്നത് എന്ന്... ഞാൻ വന്നത് എന്റെ ചേട്ടൻ വിളിച്ചിട്ടാ....🔥Happy Birthday Jathin Ramdas😍 #L2E 🦉👿🔥","2025-01-21T03:44:48.000Z"
"17861760603340545","0",,,,,,,,,,,,,"17841462631288740","Gowtham","62549919709","true","true","false",,"3226561681215648946","https://scontent-ham3-1.cdninstagram.com/v/t51.2885-19/398213439_1529174561169917_8536607309222044621_n.jpg?stp=dst-jpg_e0_s150x150_tt6&_nc_ht=scontent-ham3-1.cdninstagram.com&_nc_cat=105&_nc_ohc=O-ORttbAo4EQ7kNvgE49qul&_nc_gid=dfffac2aab5d42c38cc28747ec25bde5&edm=AId3EpQBAAAA&ccb=7-5&oh=00_AYD6jIPILcIa3Q3llPVhEYSor6ubc7E-oabUovuLaK87rQ&oe=67A3968C&_nc_sid=f5838a","go_w_th_a_m","https://scontent-ham3-1.cdninstagram.com/v/t51.2885-19/398213439_1529174561169917_8536607309222044621_n.jpg?stp=dst-jpg_e0_s150x150_tt6&_nc_ht=scontent-ham3-1.cdninstagram.com&_nc_cat=105&_nc_ohc=O-ORttbAo4EQ7kNvgE49qul&_nc_gid=dfffac2aab5d42c38cc28747ec25bde5&edm=AId3EpQBAAAA&ccb=7-5&oh=00_AYD6jIPILcIa3Q3llPVhEYSor6ubc7E-oabUovuLaK87rQ&oe=67A3968C&_nc_sid=f5838a","go_w_th_a_m","https://www.instagram.com/p/DFEq_gySXc-/?igsh=MXM3MHg4ZDNjYWdnNw==","0","❤️😍","2025-01-28T12:09:16.000Z"
"18083407798568863","0",,,,,,,,,,,,,"17841465254893900","Elkin India","65071207163","true","false","false","1738337387","3545564264555830232","https://scontent-ham3-1.cdninstagram.com/v/t51.2885-19/472441371_1057122679504022_4487756098230444981_n.jpg?stp=dst-jpg_e0_s150x150_tt6&_nc_ht=scontent-ham3-1.cdninstagram.com&_nc_cat=102&_nc_ohc=r2HYbChH0LUQ7kNvgFNptPU&_nc_gid=dfffac2aab5d42c38cc28747ec25bde5&edm=AId3EpQBAAAA&ccb=7-5&oh=00_AYA7LtoVp0iQqOTEv4XNtlN9DEb-Np3gDgpJs2s8hcGnhQ&oe=67A38E5F&_nc_sid=f5838a","elkinindia","https://scontent-ham3-1.cdninstagram.com/v/t51.2885-19/472441371_1057122679504022_4487756098230444981_n.jpg?stp=dst-jpg_e0_s150x150_tt6&_nc_ht=scontent-ham3-1.cdninstagram.com&_nc_cat=102&_nc_ohc=r2HYbChH0LUQ7kNvgFNptPU&_nc_gid=dfffac2aab5d42c38cc28747ec25bde5&edm=AId3EpQBAAAA&ccb=7-5&oh=00_AYA7LtoVp0iQqOTEv4XNtlN9DEb-Np3gDgpJs2s8hcGnhQ&oe=67A38E5F&_nc_sid=f5838a","elkinindia","https://www.instagram.com/p/DFEq_gySXc-/?igsh=MXM3MHg4ZDNjYWdnNw==","0","❤️","2025-01-21T03:47:10.000Z"
"18327154204090506","0",,,,,,,,,,,,,"17841418475820376","Amigoz of Prithvi™","18403023860","true","false","false","1738385225","3171172421789677122","https://scontent-ham3-1.cdninstagram.com/v/t51.2885-19/367627199_1537915733682252_4330339496196630941_n.jpg?stp=dst-jpg_e0_s150x150_tt6&_nc_ht=scontent-ham3-1.cdninstagram.com&_nc_cat=100&_nc_ohc=jCfGEOJgUJQQ7kNvgHj9J-F&_nc_gid=dfffac2aab5d42c38cc28747ec25bde5&edm=AId3EpQBAAAA&ccb=7-5&oh=00_AYDZt1N3RvbGpoyYWOFaaWJtRrYhg6zgWYgdrRtso_O92g&oe=67A37640&_nc_sid=f5838a","amigoz_of_prithvi","https://scontent-ham3-1.cdninstagram.com/v/t51.2885-19/367627199_1537915733682252_4330339496196630941_n.jpg?stp=dst-jpg_e0_s150x150_tt6&_nc_ht=scontent-ham3-1.cdninstagram.com&_nc_cat=100&_nc_ohc=jCfGEOJgUJQQ7kNvgHj9J-F&_nc_gid=dfffac2aab5d42c38cc28747ec25bde5&edm=AId3EpQBAAAA&ccb=7-5&oh=00_AYDZt1N3RvbGpoyYWOFaaWJtRrYhg6zgWYgdrRtso_O92g&oe=67A37640&_nc_sid=f5838a","amigoz_of_prithvi","https://www.instagram.com/p/DFEq_gySXc-/?igsh=MXM3MHg4ZDNjYWdnNw==","0","🔥🔥","2025-01-21T05:00:24.000Z"
"18053680277291823","0",,,,,,,,,,,,,"17841427912725168","ABHIRAM","27881354424","true","false","false","1738317099","3429825030233106990","https://scontent-ham3-1.cdninstagram.com/v/t51.2885-19/454500011_1651118782341655_537225624410620849_n.jpg?stp=dst-jpg_e0_s150x150_tt6&_nc_ht=scontent-ham3-1.cdninstagram.com&_nc_cat=107&_nc_ohc=DQOckBqY8lQQ7kNvgFL3cbG&_nc_gid=dfffac2aab5d42c38cc28747ec25bde5&edm=AId3EpQBAAAA&ccb=7-5&oh=00_AYBzgWIoFFlopXirJ7JWmh0dcY4FRKoPgpGGBNtXzJr7vQ&oe=67A384F3&_nc_sid=f5838a","k__u__k__k____u__","https://scontent-ham3-1.cdninstagram.com/v/t51.2885-19/454500011_1651118782341655_537225624410620849_n.jpg?stp=dst-jpg_e0_s150x150_tt6&_nc_ht=scontent-ham3-1.cdninstagram.com&_nc_cat=107&_nc_ohc=DQOckBqY8lQQ7kNvgFL3cbG&_nc_gid=dfffac2aab5d42c38cc28747ec25bde5&edm=AId3EpQBAAAA&ccb=7-5&oh=00_AYBzgWIoFFlopXirJ7JWmh0dcY4FRKoPgpGGBNtXzJr7vQ&oe=67A384F3&_nc_sid=f5838a","k__u__k__k____u__","https://www.instagram.com/p/DFEq_gySXc-/?igsh=MXM3MHg4ZDNjYWdnNw==","0","❤️🔥","2025-01-21T03:50:19.000Z"
"18020132321418967","0",,,,,,,,,,,,,"17841404203564020","Prakash Velayudhan","4272156118","true","false","false","0","2595633028057754925","https://scontent-ham3-1.cdninstagram.com/v/t51.2885-19/200273145_197672815566345_5064609321476095381_n.jpg?stp=dst-jpg_e0_s150x150_tt6&_nc_ht=scontent-ham3-1.cdninstagram.com&_nc_cat=109&_nc_ohc=QKt0H5BOkZsQ7kNvgEU9XdA&_nc_gid=dfffac2aab5d42c38cc28747ec25bde5&edm=AId3EpQBAAAA&ccb=7-5&oh=00_AYDLBqa_JQx7dLAT5twH42co0nM3judcsLZtBIvXaXg3Dg&oe=67A38AC5&_nc_sid=f5838a","prakashvelayudhancameraman","https://scontent-ham3-1.cdninstagram.com/v/t51.2885-19/200273145_197672815566345_5064609321476095381_n.jpg?stp=dst-jpg_e0_s150x150_tt6&_nc_ht=scontent-ham3-1.cdninstagram.com&_nc_cat=109&_nc_ohc=QKt0H5BOkZsQ7kNvgEU9XdA&_nc_gid=dfffac2aab5d42c38cc28747ec25bde5&edm=AId3EpQBAAAA&ccb=7-5&oh=00_AYDLBqa_JQx7dLAT5twH42co0nM3judcsLZtBIvXaXg3Dg&oe=67A38AC5&_nc_sid=f5838a","prakashvelayudhancameraman","https://www.instagram.com/p/DFEq_gySXc-/?igsh=MXM3MHg4ZDNjYWdnNw==","0","🔥🔥🙌🎬","2025-01-22T04:42:35.000Z"
"18022940939341072","1",,,,,,,,,,,,,"17841463229711138","Illuminartist","63129107657","true","false","false","0","3270654201376721115","https://scontent-ham3-1.cdninstagram.com/v/t51.2885-19/414463444_1605454940193398_5426943381028561807_n.jpg?stp=dst-jpg_e0_s150x150_tt6&_nc_ht=scontent-ham3-1.cdninstagram.com&_nc_cat=102&_nc_ohc=ietz0dfvSZEQ7kNvgEK_GTh&_nc_gid=dfffac2aab5d42c38cc28747ec25bde5&edm=AId3EpQBAAAA&ccb=7-5&oh=00_AYAPKE1GipGVdka-gYqk5mQj3e00m0vRDvtaFo-Cq-emHw&oe=67A371D4&_nc_sid=f5838a","illuminartistcreatives","https://scontent-ham3-1.cdninstagram.com/v/t51.2885-19/414463444_1605454940193398_5426943381028561807_n.jpg?stp=dst-jpg_e0_s150x150_tt6&_nc_ht=scontent-ham3-1.cdninstagram.com&_nc_cat=102&_nc_ohc=ietz0dfvSZEQ7kNvgEK_GTh&_nc_gid=dfffac2aab5d42c38cc28747ec25bde5&edm=AId3EpQBAAAA&ccb=7-5&oh=00_AYAPKE1GipGVdka-gYqk5mQj3e00m0vRDvtaFo-Cq-emHw&oe=67A371D4&_nc_sid=f5838a","illuminartistcreatives","https://www.instagram.com/p/DFEq_gySXc-/?igsh=MXM3MHg4ZDNjYWdnNw==","0","❤❤","2025-01-21T03:49:16.000Z"
"18296351164225556","0",,,,,,,,,,,,,"17841407890191348","TIJO","7770783006","true","false","false","0","3507648287824423208","https://scontent-ham3-1.cdninstagram.com/v/t51.2885-19/467546033_3873510096194564_5995290698090678871_n.jpg?stp=dst-jpg_e0_s150x150_tt6&_nc_ht=scontent-ham3-1.cdninstagram.com&_nc_cat=108&_nc_ohc=i3GZ2Z7QeY8Q7kNvgFJCXWb&_nc_gid=dfffac2aab5d42c38cc28747ec25bde5&edm=AId3EpQBAAAA&ccb=7-5&oh=00_AYAWJ9Pbi3_HWheSAZOdswXDJKR6HH-ccce7Hbw8nriaNA&oe=67A37BDA&_nc_sid=f5838a","tijo________","https://scontent-ham3-1.cdninstagram.com/v/t51.2885-19/467546033_3873510096194564_5995290698090678871_n.jpg?stp=dst-jpg_e0_s150x150_tt6&_nc_ht=scontent-ham3-1.cdninstagram.com&_nc_cat=108&_nc_ohc=i3GZ2Z7QeY8Q7kNvgFJCXWb&_nc_gid=dfffac2aab5d42c38cc28747ec25bde5&edm=AId3EpQBAAAA&ccb=7-5&oh=00_AYAWJ9Pbi3_HWheSAZOdswXDJKR6HH-ccce7Hbw8nriaNA&oe=67A37BDA&_nc_sid=f5838a","tijo________","https://www.instagram.com/p/DFEq_gySXc-/?igsh=MXM3MHg4ZDNjYWdnNw==","0","❤️","2025-01-21T06:15:39.000Z"
"17989627670737658","7",,,,,,,,,,,,,"17841455621231766","Joel Eapen eby","55454134041","true","false","false","0","2925699800223387741","https://scontent-ham3-1.cdninstagram.com/v/t51.2885-19/306548087_824715785547765_4540002563855368340_n.jpg?stp=dst-jpg_e0_s150x150_tt6&_nc_ht=scontent-ham3-1.cdninstagram.com&_nc_cat=109&_nc_ohc=Tv_2pmk7egIQ7kNvgHlD_e3&_nc_gid=d83d2e9f096b476ebd0f665b351dbdaf&edm=AId3EpQBAAAA&ccb=7-5&oh=00_AYDoBYbVl99pDvHvKHHt3vY636WPZb_aNLxEHDnNy1dQfw&oe=67A38C3D&_nc_sid=f5838a","joel_eapen_eby_","https://scontent-ham3-1.cdninstagram.com/v/t51.2885-19/306548087_824715785547765_4540002563855368340_n.jpg?stp=dst-jpg_e0_s150x150_tt6&_nc_ht=scontent-ham3-1.cdninstagram.com&_nc_cat=109&_nc_ohc=Tv_2pmk7egIQ7kNvgHlD_e3&_nc_gid=d83d2e9f096b476ebd0f665b351dbdaf&edm=AId3EpQBAAAA&ccb=7-5&oh=00_AYDoBYbVl99pDvHvKHHt3vY636WPZb_aNLxEHDnNy1dQfw&oe=67A38C3D&_nc_sid=f5838a","joel_eapen_eby_","https://www.instagram.com/p/DDA_UVSy18d/?igsh=MXU1b3pyZmw4bHY1aQ==","0","Teaser onnu release chye 🙌","2024-12-01T01:54:48.000Z"
"18016824776640100","1",,,,,,,,,,,,,"17841447570977240","Azar Hafiz","47577929699","false","false","false","0","3488958816405210926","https://scontent-ham3-1.cdninstagram.com/v/t51.2885-19/464888090_577951534679524_5997268255310316110_n.jpg?stp=dst-jpg_e0_s150x150_tt6&_nc_ht=scontent-ham3-1.cdninstagram.com&_nc_cat=104&_nc_ohc=VBXN5glwtkgQ7kNvgHj2taz&_nc_gid=d83d2e9f096b476ebd0f665b351dbdaf&edm=AId3EpQBAAAA&ccb=7-5&oh=00_AYAGSLCQi9YdWueaTkXPVitUAz5sQrxvuE5XqEDfIr8R4g&oe=67A389B7&_nc_sid=f5838a","azarhafiz","https://scontent-ham3-1.cdninstagram.com/v/t51.2885-19/464888090_577951534679524_5997268255310316110_n.jpg?stp=dst-jpg_e0_s150x150_tt6&_nc_ht=scontent-ham3-1.cdninstagram.com&_nc_cat=104&_nc_ohc=VBXN5glwtkgQ7kNvgHj2taz&_nc_gid=d83d2e9f096b476ebd0f665b351dbdaf&edm=AId3EpQBAAAA&ccb=7-5&oh=00_AYAGSLCQi9YdWueaTkXPVitUAz5sQrxvuE5XqEDfIr8R4g&oe=67A389B7&_nc_sid=f5838a","azarhafiz","https://www.instagram.com/p/DDA_UVSy18d/?igsh=MXU1b3pyZmw4bHY1aQ==","0","Ready🔥🔥","2024-12-01T08:18:00.000Z"
"18285559177210033","2",,,,,,,,,,,,,"17841465735452820","Thomas Joseph Punnathaniyil ܬܐܲܘܿܡܲܣ ܝܘܿܣܲܦ ܦܘܼܢܢܲܛܵܢ","65702559181","true","false","false","0","3492222776222857697","https://scontent-ham3-1.cdninstagram.com/v/t51.2885-19/465209044_481689081557894_8379013711992767779_n.jpg?stp=dst-jpg_e0_s150x150_tt6&_nc_ht=scontent-ham3-1.cdninstagram.com&_nc_cat=102&_nc_ohc=ljRKM8Vkbi8Q7kNvgFj1XKc&_nc_gid=d83d2e9f096b476ebd0f665b351dbdaf&edm=AId3EpQBAAAA&ccb=7-5&oh=00_AYCddYVjACpgpkOQWbX8rT7BopQMrjxomUENwmAcEMKKUA&oe=67A36BD9&_nc_sid=f5838a","punnathaniyil","https://scontent-ham3-1.cdninstagram.com/v/t51.2885-19/465209044_481689081557894_8379013711992767779_n.jpg?stp=dst-jpg_e0_s150x150_tt6&_nc_ht=scontent-ham3-1.cdninstagram.com&_nc_cat=102&_nc_ohc=ljRKM8Vkbi8Q7kNvgFj1XKc&_nc_gid=d83d2e9f096b476ebd0f665b351dbdaf&edm=AId3EpQBAAAA&ccb=7-5&oh=00_AYCddYVjACpgpkOQWbX8rT7BopQMrjxomUENwmAcEMKKUA&oe=67A36BD9&_nc_sid=f5838a","punnathaniyil","https://www.instagram.com/p/DDA_UVSy18d/?igsh=MXU1b3pyZmw4bHY1aQ==","0","🔥","2024-12-01T00:27:13.000Z"
"18283455703173562","1",,,,,,,,,,,,,"17841465808161346","Nabin Nabin Sha","65850769605","true","false","false","1738368338","3336574489902032413","https://scontent-ham3-1.cdninstagram.com/v/t51.2885-19/435085102_1143055150057272_2533841331486258966_n.jpg?stp=dst-jpg_e0_s150x150_tt6&_nc_ht=scontent-ham3-1.cdninstagram.com&_nc_cat=100&_nc_ohc=iQlKIRegEXUQ7kNvgEPUJpZ&_nc_gid=d83d2e9f096b476ebd0f665b351dbdaf&edm=AId3EpQBAAAA&ccb=7-5&oh=00_AYDba104BoWqmxrXOkoKq7b-MFqGyEObw3_CoZ6PGpZRYw&oe=67A3A1A3&_nc_sid=f5838a","shanabinnabin","https://scontent-ham3-1.cdninstagram.com/v/t51.2885-19/435085102_1143055150057272_2533841331486258966_n.jpg?stp=dst-jpg_e0_s150x150_tt6&_nc_ht=scontent-ham3-1.cdninstagram.com&_nc_cat=100&_nc_ohc=iQlKIRegEXUQ7kNvgEPUJpZ&_nc_gid=d83d2e9f096b476ebd0f665b351dbdaf&edm=AId3EpQBAAAA&ccb=7-5&oh=00_AYDba104BoWqmxrXOkoKq7b-MFqGyEObw3_CoZ6PGpZRYw&oe=67A3A1A3&_nc_sid=f5838a","shanabinnabin","https://www.instagram.com/p/DDA_UVSy18d/?igsh=MXU1b3pyZmw4bHY1aQ==","0","attain thampuran coming back L two","2024-12-01T01:36:11.000Z"
"17880094740234075","1",,,,,,,,,,,,,"17841438757075648","𝙵𝙴𝙱𝙸𝙽 🦋","38765195902","true","false","false","0","3543904919209554921","https://scontent-ham3-1.cdninstagram.com/v/t51.2885-19/473574417_1633699203911544_4776473380130838973_n.jpg?stp=dst-jpg_e0_s150x150_tt6&_nc_ht=scontent-ham3-1.cdninstagram.com&_nc_cat=100&_nc_ohc=5F2UUsz_nooQ7kNvgEWZBJc&_nc_gid=8c519028a4f641f8909727c825b12058&edm=AId3EpQBAAAA&ccb=7-5&oh=00_AYCPZBHYCwShlyzbJMeRPF1vBUKJb2XIG8kLc5U3p7Y0Eg&oe=67A39C6C&_nc_sid=f5838a","_febin.___","https://scontent-ham3-1.cdninstagram.com/v/t51.2885-19/473574417_1633699203911544_4776473380130838973_n.jpg?stp=dst-jpg_e0_s150x150_tt6&_nc_ht=scontent-ham3-1.cdninstagram.com&_nc_cat=100&_nc_ohc=5F2UUsz_nooQ7kNvgEWZBJc&_nc_gid=8c519028a4f641f8909727c825b12058&edm=AId3EpQBAAAA&ccb=7-5&oh=00_AYCPZBHYCwShlyzbJMeRPF1vBUKJb2XIG8kLc5U3p7Y0Eg&oe=67A39C6C&_nc_sid=f5838a","_febin.___","https://www.instagram.com/p/DFSnWaSyuZW/?igsh=azM5ZjgwYzNqNnhk","0","Teaser🔥","2025-01-26T14:43:10.000Z"
"18483135478057361","3","cSwWzEGDW5lJmwVuWZ","200","https://media4.giphy.com/media/v1.Y2lkPWFlZWNjYzExMzFkYjQ5Y25zN3JidDhiMjk1ZjV0bmE4d3Rwd3Fkb3QyNnR1ZTluNCZlcD12MV9naWZzX2dpZklkJmN0PWc/cSwWzEGDW5lJmwVuWZ/200.mp4","12011","14475","https://media4.giphy.com/media/v1.Y2lkPWFlZWNjYzExMzFkYjQ5Y25zN3JidDhiMjk1ZjV0bmE4d3Rwd3Fkb3QyNnR1ZTluNCZlcD12MV9naWZzX2dpZklkJmN0PWc/cSwWzEGDW5lJmwVuWZ/200.gif","https://media4.giphy.com/media/v1.Y2lkPWFlZWNjYzExMzFkYjQ5Y25zN3JidDhiMjk1ZjV0bmE4d3Rwd3Fkb3QyNnR1ZTluNCZlcD12MV9naWZzX2dpZklkJmN0PWc/cSwWzEGDW5lJmwVuWZ/200.webp","11082","200","false","Mohanlal Instagram Gif GIF","pencilashan","17841412822998956","Ikka A10","12791651433","true","true","false",,"3539500005038456628","https://scontent-ham3-1.cdninstagram.com/v/t51.2885-19/472830393_515648678192318_2498917633304152703_n.jpg?stp=dst-jpg_e0_s150x150_tt6&_nc_ht=scontent-ham3-1.cdninstagram.com&_nc_cat=102&_nc_ohc=uorErV6w1ncQ7kNvgFG0WQ_&_nc_gid=8c519028a4f641f8909727c825b12058&edm=AId3EpQBAAAA&ccb=7-5&oh=00_AYBA18bMwTm8WlfjWg8QOqbQmOVMOzExaLaes4uzSJ62kw&oe=67A38332&_nc_sid=f5838a","2255_lalettan_mammukka_369","https://scontent-ham3-1.cdninstagram.com/v/t51.2885-19/472830393_515648678192318_2498917633304152703_n.jpg?stp=dst-jpg_e0_s150x150_tt6&_nc_ht=scontent-ham3-1.cdninstagram.com&_nc_cat=102&_nc_ohc=uorErV6w1ncQ7kNvgFG0WQ_&_nc_gid=8c519028a4f641f8909727c825b12058&edm=AId3EpQBAAAA&ccb=7-5&oh=00_AYBA18bMwTm8WlfjWg8QOqbQmOVMOzExaLaes4uzSJ62kw&oe=67A38332&_nc_sid=f5838a","2255_lalettan_mammukka_369","https://www.instagram.com/p/DFSnWaSyuZW/?igsh=azM5ZjgwYzNqNnhk","0","","2025-01-26T13:53:15.000Z"
"18079368190615414","1",,,,,,,,,,,,,"17841430859037288","Salih","30858308634","true","true","false",,,"https://instagram.fgau3-4.fna.fbcdn.net/v/t51.2885-19/464760996_1254146839119862_3605321457742435801_n.png?stp=dst-jpg_e0_s150x150_tt6&cb=8577c754-c2464923&_nc_ht=instagram.fgau3-4.fna.fbcdn.net&_nc_cat=1&_nc_ohc=w2biA7W10AIQ7kNvgFoxvMV&_nc_gid=ed20f930f227443d9942fb5d2e662023&edm=AFs-eF8BAAAA&ccb=7-5&ig_cache_key=YW5vbnltb3VzX3Byb2ZpbGVfcGlj.3-ccb7-5-cb8577c754-c2464923&oh=00_AYBj_NgT8uQIoz8D0QZDHLbkAPKQDeAj3H8Cakx4fyDUfg&oe=67A37E28&_nc_sid=72eed0","storiesofamael","https://instagram.fgau3-4.fna.fbcdn.net/v/t51.2885-19/464760996_1254146839119862_3605321457742435801_n.png?stp=dst-jpg_e0_s150x150_tt6&cb=8577c754-c2464923&_nc_ht=instagram.fgau3-4.fna.fbcdn.net&_nc_cat=1&_nc_ohc=w2biA7W10AIQ7kNvgFoxvMV&_nc_gid=ed20f930f227443d9942fb5d2e662023&edm=AFs-eF8BAAAA&ccb=7-5&ig_cache_key=YW5vbnltb3VzX3Byb2ZpbGVfcGlj.3-ccb7-5-cb8577c754-c2464923&oh=00_AYBj_NgT8uQIoz8D0QZDHLbkAPKQDeAj3H8Cakx4fyDUfg&oe=67A37E28&_nc_sid=72eed0","storiesofamael","https://www.instagram.com/p/DFSnWaSyuZW/?igsh=azM5ZjgwYzNqNnhk","0","Vishayam❤️❤️🔥","2025-01-26T13:52:20.000Z"
"17872988766186340","1",,,,,,,,,,,,,"17841438757075648","𝙵𝙴𝙱𝙸𝙽 🦋","38765195902","true","false","false","0","3543904919209554921","https://scontent-ham3-1.cdninstagram.com/v/t51.2885-19/473574417_1633699203911544_4776473380130838973_n.jpg?stp=dst-jpg_e0_s150x150_tt6&_nc_ht=scontent-ham3-1.cdninstagram.com&_nc_cat=100&_nc_ohc=5F2UUsz_nooQ7kNvgEWZBJc&_nc_gid=8c519028a4f641f8909727c825b12058&edm=AId3EpQBAAAA&ccb=7-5&oh=00_AYCPZBHYCwShlyzbJMeRPF1vBUKJb2XIG8kLc5U3p7Y0Eg&oe=67A39C6C&_nc_sid=f5838a","_febin.___","https://scontent-ham3-1.cdninstagram.com/v/t51.2885-19/473574417_1633699203911544_4776473380130838973_n.jpg?stp=dst-jpg_e0_s150x150_tt6&_nc_ht=scontent-ham3-1.cdninstagram.com&_nc_cat=100&_nc_ohc=5F2UUsz_nooQ7kNvgEWZBJc&_nc_gid=8c519028a4f641f8909727c825b12058&edm=AId3EpQBAAAA&ccb=7-5&oh=00_AYCPZBHYCwShlyzbJMeRPF1vBUKJb2XIG8kLc5U3p7Y0Eg&oe=67A39C6C&_nc_sid=f5838a","_febin.___","https://www.instagram.com/p/DFSnWaSyuZW/?igsh=azM5ZjgwYzNqNnhk","0","Can't wait🥵","2025-01-26T14:43:23.000Z"
"18032971549820318","14",,,,,,,,,,,,,"17841449876021100","ABR__FISH__STALL","49688814534","false","false","false","1738329804","3406352296576466475","https://scontent-ber1-1.cdninstagram.com/v/t51.2885-19/450235557_8153552724676259_7907412490815592674_n.jpg?stp=dst-jpg_e0_s150x150_tt6&_nc_ht=scontent-ber1-1.cdninstagram.com&_nc_cat=111&_nc_ohc=iuqc4INo4bsQ7kNvgFq5gtd&_nc_gid=e17d15689beb44abb4168ecfad1e9cd8&edm=AId3EpQBAAAA&ccb=7-5&oh=00_AYB5wJv7nzYMIBrqw_pwqvV5QVZJwuSLCB1znus_wxiBnA&oe=67A38232&_nc_sid=f5838a","abr_fish_stall","https://scontent-ber1-1.cdninstagram.com/v/t51.2885-19/450235557_8153552724676259_7907412490815592674_n.jpg?stp=dst-jpg_e0_s150x150_tt6&_nc_ht=scontent-ber1-1.cdninstagram.com&_nc_cat=111&_nc_ohc=iuqc4INo4bsQ7kNvgFq5gtd&_nc_gid=e17d15689beb44abb4168ecfad1e9cd8&edm=AId3EpQBAAAA&ccb=7-5&oh=00_AYB5wJv7nzYMIBrqw_pwqvV5QVZJwuSLCB1znus_wxiBnA&oe=67A38232&_nc_sid=f5838a","abr_fish_stall","https://www.instagram.com/reel/C6_B8Omvva3/?igsh=MWQ3cHN3aTBuOWJlag==","0","ഗുരുവായൂ൪ അമ്പല നടയിൽ 👏👏👏😍😍😍","2024-05-15T12:59:19.000Z"
"18142558750319199","1",,,,,,,,,,,,,"17841408024887710","ᵗᵒᵛⁱ⚡ᵍⁱʳˡ","7981683496","true","false","false","1738386379","3551154093190397363","https://scontent-ber1-1.cdninstagram.com/v/t51.2885-19/474654041_1860553291385234_9048223046358054523_n.jpg?stp=dst-jpg_e0_s150x150_tt6&_nc_ht=scontent-ber1-1.cdninstagram.com&_nc_cat=102&_nc_ohc=bwd0w3LfWsUQ7kNvgFwXr-J&_nc_gid=e17d15689beb44abb4168ecfad1e9cd8&edm=AId3EpQBAAAA&ccb=7-5&oh=00_AYCYaQ7_6_sOnCs9TO_FyDQSsMQGq4K8EidiodRsDcoVQA&oe=67A36FBE&_nc_sid=f5838a","tovino_fan_girl123","https://scontent-ber1-1.cdninstagram.com/v/t51.2885-19/474654041_1860553291385234_9048223046358054523_n.jpg?stp=dst-jpg_e0_s150x150_tt6&_nc_ht=scontent-ber1-1.cdninstagram.com&_nc_cat=102&_nc_ohc=bwd0w3LfWsUQ7kNvgFwXr-J&_nc_gid=e17d15689beb44abb4168ecfad1e9cd8&edm=AId3EpQBAAAA&ccb=7-5&oh=00_AYCYaQ7_6_sOnCs9TO_FyDQSsMQGq4K8EidiodRsDcoVQA&oe=67A36FBE&_nc_sid=f5838a","tovino_fan_girl123","https://www.instagram.com/reel/C6_B8Omvva3/?igsh=MWQ3cHN3aTBuOWJlag==","0","ആനാദേട്ടൻ &vinu chetten❤😍🔥","2024-05-16T12:01:14.000Z"
"18031918948986801","82",,,,,,,,,,,,,"17841432530604016","Renil Joseph","32512140353","true","false","false","0","2276437934104224034","https://scontent-ber1-1.cdninstagram.com/v/t51.2885-19/91462285_161254471713073_5146311169337720832_n.jpg?stp=dst-jpg_e0_s150x150_tt6&_nc_ht=scontent-ber1-1.cdninstagram.com&_nc_cat=101&_nc_ohc=s2jFfx9IhEUQ7kNvgENmaBs&_nc_gid=e17d15689beb44abb4168ecfad1e9cd8&edm=AId3EpQBAAAA&ccb=7-5&oh=00_AYDXBtv6LtaoFhBg8hzFkOFKxo2b0K9zNckxcUmzWjzbWQ&oe=67A379A0&_nc_sid=f5838a","joseph.renil","https://scontent-ber1-1.cdninstagram.com/v/t51.2885-19/91462285_161254471713073_5146311169337720832_n.jpg?stp=dst-jpg_e0_s150x150_tt6&_nc_ht=scontent-ber1-1.cdninstagram.com&_nc_cat=101&_nc_ohc=s2jFfx9IhEUQ7kNvgENmaBs&_nc_gid=e17d15689beb44abb4168ecfad1e9cd8&edm=AId3EpQBAAAA&ccb=7-5&oh=00_AYDXBtv6LtaoFhBg8hzFkOFKxo2b0K9zNckxcUmzWjzbWQ&oe=67A379A0&_nc_sid=f5838a","joseph.renil","https://www.instagram.com/reel/C6_B8Omvva3/?igsh=MWQ3cHN3aTBuOWJlag==","0","All of the YouTube reactors in one video","2024-05-15T10:53:47.000Z"
"18069714022503715","1",,,,,,,,,,,,,"17841430121972720"," اشوين","30181764065","true","false","false","0","3543227312680986351","https://scontent-ber1-1.cdninstagram.com/v/t51.2885-19/473108180_1145686610414848_2431115494317038514_n.jpg?stp=dst-jpg_e0_s150x150_tt6&_nc_ht=scontent-ber1-1.cdninstagram.com&_nc_cat=104&_nc_ohc=HxpuZNSbpn0Q7kNvgEKcN7_&_nc_gid=e17d15689beb44abb4168ecfad1e9cd8&edm=AId3EpQBAAAA&ccb=7-5&oh=00_AYArRGS901W4NBE421AqXQwTFsV9wDWdWNhlIy95TFm1lg&oe=67A3A075&_nc_sid=f5838a","aswin_kx","https://scontent-ber1-1.cdninstagram.com/v/t51.2885-19/473108180_1145686610414848_2431115494317038514_n.jpg?stp=dst-jpg_e0_s150x150_tt6&_nc_ht=scontent-ber1-1.cdninstagram.com&_nc_cat=104&_nc_ohc=HxpuZNSbpn0Q7kNvgEKcN7_&_nc_gid=e17d15689beb44abb4168ecfad1e9cd8&edm=AId3EpQBAAAA&ccb=7-5&oh=00_AYArRGS901W4NBE421AqXQwTFsV9wDWdWNhlIy95TFm1lg&oe=67A3A075&_nc_sid=f5838a","aswin_kx","https://www.instagram.com/reel/C6_B8Omvva3/?igsh=MWQ3cHN3aTBuOWJlag==","0","❤️🔥","2024-05-15T10:01:36.000Z"
"17964553148740336","4",,,,,,,,,,,,,"17841403953418384","Anilraj Ks falimy","3987083780","true","false","false","0","3092096044992684870","https://scontent-ber1-1.cdninstagram.com/v/t51.2885-19/343732673_1049064723165030_1285699147758105432_n.jpg?stp=dst-jpg_e0_s150x150_tt6&_nc_ht=scontent-ber1-1.cdninstagram.com&_nc_cat=106&_nc_ohc=4Y0FM-9vLZoQ7kNvgFlCaHE&_nc_gid=e17d15689beb44abb4168ecfad1e9cd8&edm=AId3EpQBAAAA&ccb=7-5&oh=00_AYAfr3b0sYCFpSdfMg31EyusEwRTaaEhKDks1B4wrxIibw&oe=67A39904&_nc_sid=f5838a","anilraj_falimy","https://scontent-ber1-1.cdninstagram.com/v/t51.2885-19/343732673_1049064723165030_1285699147758105432_n.jpg?stp=dst-jpg_e0_s150x150_tt6&_nc_ht=scontent-ber1-1.cdninstagram.com&_nc_cat=106&_nc_ohc=4Y0FM-9vLZoQ7kNvgFlCaHE&_nc_gid=e17d15689beb44abb4168ecfad1e9cd8&edm=AId3EpQBAAAA&ccb=7-5&oh=00_AYAfr3b0sYCFpSdfMg31EyusEwRTaaEhKDks1B4wrxIibw&oe=67A39904&_nc_sid=f5838a","anilraj_falimy","https://www.instagram.com/reel/C6_B8Omvva3/?igsh=MWQ3cHN3aTBuOWJlag==","0","Basileeeeee","2024-05-15T12:27:58.000Z"
"18018033611203045","1",,,,,,,,,,,,,"17841433275913028","Lion Haritha nara 🌹🌹🌹🌹🌹😀😀","33144237197","false","false","false","1738347794","3525236866511381198","https://scontent-ber1-1.cdninstagram.com/v/t51.2885-19/470854191_1779842979486313_7808600777504318592_n.jpg?stp=dst-jpg_e0_s150x150_tt6&_nc_ht=scontent-ber1-1.cdninstagram.com&_nc_cat=101&_nc_ohc=7T5zhfo6RngQ7kNvgHyCuxF&_nc_gid=e17d15689beb44abb4168ecfad1e9cd8&edm=AId3EpQBAAAA&ccb=7-5&oh=00_AYC1C96L5to2nxvj4ygJEH5I750fuDrlrHz-EGVBBAAJTQ&oe=67A382C4&_nc_sid=f5838a","harita_nara__","https://scontent-ber1-1.cdninstagram.com/v/t51.2885-19/470854191_1779842979486313_7808600777504318592_n.jpg?stp=dst-jpg_e0_s150x150_tt6&_nc_ht=scontent-ber1-1.cdninstagram.com&_nc_cat=101&_nc_ohc=7T5zhfo6RngQ7kNvgHyCuxF&_nc_gid=e17d15689beb44abb4168ecfad1e9cd8&edm=AId3EpQBAAAA&ccb=7-5&oh=00_AYC1C96L5to2nxvj4ygJEH5I750fuDrlrHz-EGVBBAAJTQ&oe=67A382C4&_nc_sid=f5838a","harita_nara__","https://www.instagram.com/reel/C6_B8Omvva3/?igsh=MWQ3cHN3aTBuOWJlag==","0","😍😍😍😍😍😍","2024-05-16T03:13:45.000Z"
"18079705180465320","3",,,,,,,,,,,,,"17841458219284108","The real Teena Geevarughese","58272876642","false","true","false",,"3313003335803404488","https://scontent-ber1-1.cdninstagram.com/v/t51.2885-19/430823838_1092634038725212_1846110307726768968_n.jpg?stp=dst-jpg_e0_s150x150_tt6&_nc_ht=scontent-ber1-1.cdninstagram.com&_nc_cat=104&_nc_ohc=j7acdcmG1JAQ7kNvgF0vUwG&_nc_gid=e17d15689beb44abb4168ecfad1e9cd8&edm=AId3EpQBAAAA&ccb=7-5&oh=00_AYA0bJNJpM8NiasZ6F422yWgUairKh1YmDFp7lFJjmtRzw&oe=67A375F3&_nc_sid=f5838a","let_tgv","https://scontent-ber1-1.cdninstagram.com/v/t51.2885-19/430823838_1092634038725212_1846110307726768968_n.jpg?stp=dst-jpg_e0_s150x150_tt6&_nc_ht=scontent-ber1-1.cdninstagram.com&_nc_cat=104&_nc_ohc=j7acdcmG1JAQ7kNvgF0vUwG&_nc_gid=e17d15689beb44abb4168ecfad1e9cd8&edm=AId3EpQBAAAA&ccb=7-5&oh=00_AYA0bJNJpM8NiasZ6F422yWgUairKh1YmDFp7lFJjmtRzw&oe=67A375F3&_nc_sid=f5838a","let_tgv","https://www.instagram.com/reel/C6_B8Omvva3/?igsh=MWQ3cHN3aTBuOWJlag==","0","Stero type based on living conditions, social class, education, physical appearance, music they listen to, etc","2024-05-15T14:54:48.000Z"
"18013516604458019","17",,,,,,,,,,,,,"17841448137271576","Bens Reji","48172620575","true","true","false",,"3400195425196553910","https://scontent-ber1-1.cdninstagram.com/v/t51.2885-19/449200447_1166407991175750_4124542403837502277_n.jpg?stp=dst-jpg_e0_s150x150_tt6&_nc_ht=scontent-ber1-1.cdninstagram.com&_nc_cat=106&_nc_ohc=ZBdPHGsO7TEQ7kNvgF3T6pJ&_nc_gid=e17d15689beb44abb4168ecfad1e9cd8&edm=AId3EpQBAAAA&ccb=7-5&oh=00_AYBzgUpmf5KQULozEsc2-M0bQBkEagUbwFLVgzarjKpWYQ&oe=67A37383&_nc_sid=f5838a","_bens_reji","https://scontent-ber1-1.cdninstagram.com/v/t51.2885-19/449200447_1166407991175750_4124542403837502277_n.jpg?stp=dst-jpg_e0_s150x150_tt6&_nc_ht=scontent-ber1-1.cdninstagram.com&_nc_cat=106&_nc_ohc=ZBdPHGsO7TEQ7kNvgF3T6pJ&_nc_gid=e17d15689beb44abb4168ecfad1e9cd8&edm=AId3EpQBAAAA&ccb=7-5&oh=00_AYBzgUpmf5KQULozEsc2-M0bQBkEagUbwFLVgzarjKpWYQ&oe=67A37383&_nc_sid=f5838a","_bens_reji","https://www.instagram.com/reel/C6_B8Omvva3/?igsh=MWQ3cHN3aTBuOWJlag==","0","😂 കുരു ആണോ","2024-05-15T10:57:04.000Z"
"18127422310349434","12",,,,,,,,,,,,,"17841407032308928","Sreejesh P Krishnakumar","7031426410","true","true","false",,"2741355835329333484","https://scontent-ber1-1.cdninstagram.com/v/t51.2885-19/271185592_620636575928542_8830812808371555954_n.jpg?stp=dst-jpg_e0_s150x150_tt6&_nc_ht=scontent-ber1-1.cdninstagram.com&_nc_cat=110&_nc_ohc=IguFWbCkXrYQ7kNvgH7rB4y&_nc_gid=e17d15689beb44abb4168ecfad1e9cd8&edm=AId3EpQBAAAA&ccb=7-5&oh=00_AYBG2UiRelBoSs59CnwVHjKJnV-5fTZ6my0oSZ-1N0kc5g&oe=67A36D75&_nc_sid=f5838a","sreejesh_krishnakumar","https://scontent-ber1-1.cdninstagram.com/v/t51.2885-19/271185592_620636575928542_8830812808371555954_n.jpg?stp=dst-jpg_e0_s150x150_tt6&_nc_ht=scontent-ber1-1.cdninstagram.com&_nc_cat=110&_nc_ohc=IguFWbCkXrYQ7kNvgH7rB4y&_nc_gid=e17d15689beb44abb4168ecfad1e9cd8&edm=AId3EpQBAAAA&ccb=7-5&oh=00_AYBG2UiRelBoSs59CnwVHjKJnV-5fTZ6my0oSZ-1N0kc5g&oe=67A36D75&_nc_sid=f5838a","sreejesh_krishnakumar","https://www.instagram.com/reel/C6_B8Omvva3/?igsh=MWQ3cHN3aTBuOWJlag==","1","@avalum.naanumytc You guys are popular now ❤️. Congrats 🙌","2024-05-15T12:12:53.000Z"
"17916125078921731","123",,,,,,,,,,,,,"17841422503632246","Avalum Naanum","22337974121","true","false","false","0","3506203482896499956","https://scontent-ber1-1.cdninstagram.com/v/t51.2885-19/467748259_2236858086693948_468794852414538401_n.jpg?stp=dst-jpg_e0_s150x150_tt6&_nc_ht=scontent-ber1-1.cdninstagram.com&_nc_cat=100&_nc_ohc=xoCmuDJHcAMQ7kNvgEzzCHS&_nc_gid=e17d15689beb44abb4168ecfad1e9cd8&edm=AId3EpQBAAAA&ccb=7-5&oh=00_AYCUaIAaPG_2b9Dg5H8XfKKPaW9Iu9ov43A7I2QdNK5EMA&oe=67A38733&_nc_sid=f5838a","avalum.naanumytc","https://scontent-ber1-1.cdninstagram.com/v/t51.2885-19/467748259_2236858086693948_468794852414538401_n.jpg?stp=dst-jpg_e0_s150x150_tt6&_nc_ht=scontent-ber1-1.cdninstagram.com&_nc_cat=100&_nc_ohc=xoCmuDJHcAMQ7kNvgEzzCHS&_nc_gid=e17d15689beb44abb4168ecfad1e9cd8&edm=AId3EpQBAAAA&ccb=7-5&oh=00_AYCUaIAaPG_2b9Dg5H8XfKKPaW9Iu9ov43A7I2QdNK5EMA&oe=67A38733&_nc_sid=f5838a","avalum.naanumytc","https://www.instagram.com/reel/C6_B8Omvva3/?igsh=MWQ3cHN3aTBuOWJlag==","3","Thank you @prithvirajproductions 🙏💕 made our day","2024-05-15T16:29:11.000Z"
"18042932296667374","10",,,,,,,,,,,,,"17841403118521416","NiDhin MoHan","3051327950","true","false","false","0","3171326286383404250","https://scontent-ber1-1.cdninstagram.com/v/t51.2885-19/367734402_1444747309623665_9158592784387706880_n.jpg?stp=dst-jpg_e0_s150x150_tt6&_nc_ht=scontent-ber1-1.cdninstagram.com&_nc_cat=105&_nc_ohc=VNUqoFCxNTQQ7kNvgGT4znn&_nc_gid=e17d15689beb44abb4168ecfad1e9cd8&edm=AId3EpQBAAAA&ccb=7-5&oh=00_AYDEQeo-TVbYovirnX0tB5tp2MUolVaC2Tf51UGpgzrkXA&oe=67A37DC5&_nc_sid=f5838a","_the_fuddy_duddy","https://scontent-ber1-1.cdninstagram.com/v/t51.2885-19/367734402_1444747309623665_9158592784387706880_n.jpg?stp=dst-jpg_e0_s150x150_tt6&_nc_ht=scontent-ber1-1.cdninstagram.com&_nc_cat=105&_nc_ohc=VNUqoFCxNTQQ7kNvgGT4znn&_nc_gid=e17d15689beb44abb4168ecfad1e9cd8&edm=AId3EpQBAAAA&ccb=7-5&oh=00_AYDEQeo-TVbYovirnX0tB5tp2MUolVaC2Tf51UGpgzrkXA&oe=67A37DC5&_nc_sid=f5838a","_the_fuddy_duddy","https://www.instagram.com/reel/C6_B8Omvva3/?igsh=MWQ3cHN3aTBuOWJlag==","0","@avalum.naanumytc Chettanum Chechiyum😍❤️","2024-05-15T19:16:52.000Z"
"18050205802590813","7",,,,,,,,,,,,,"17841460409833728","ᴋᴀʀᴛʜɪᴋᴀ","60269821661","true","true","false",,"3382264126587378823","https://scontent-ber1-1.cdninstagram.com/v/t51.2885-19/447522788_299264013256861_4819668236253201745_n.jpg?stp=dst-jpg_e0_s150x150_tt6&_nc_ht=scontent-ber1-1.cdninstagram.com&_nc_cat=101&_nc_ohc=00lGH50DyLwQ7kNvgHUIjoa&_nc_gid=e17d15689beb44abb4168ecfad1e9cd8&edm=AId3EpQBAAAA&ccb=7-5&oh=00_AYD97HEqcQ4LjsjKA-d1c8RU6dOS2dumAyAr3OsD2R7gRQ&oe=67A389EF&_nc_sid=f5838a","karthoos_._","https://scontent-ber1-1.cdninstagram.com/v/t51.2885-19/447522788_299264013256861_4819668236253201745_n.jpg?stp=dst-jpg_e0_s150x150_tt6&_nc_ht=scontent-ber1-1.cdninstagram.com&_nc_cat=101&_nc_ohc=00lGH50DyLwQ7kNvgHUIjoa&_nc_gid=e17d15689beb44abb4168ecfad1e9cd8&edm=AId3EpQBAAAA&ccb=7-5&oh=00_AYD97HEqcQ4LjsjKA-d1c8RU6dOS2dumAyAr3OsD2R7gRQ&oe=67A389EF&_nc_sid=f5838a","karthoos_._","https://www.instagram.com/reel/C6_B8Omvva3/?igsh=MWQ3cHN3aTBuOWJlag==","0","@avalum.naanumytc 😁❤️","2024-05-15T10:49:58.000Z"
"18186142393291351","1",,,,,,,,,,,,,"17841456485425400","ᴛᴇᴀᴍ_ᴍᴀʟʟᴜ_ᴅᴇᴀʟᴇʀ 🔰🔰","56523194847","true","false","false","1738347019","3495133687321564901","https://scontent-ber1-1.cdninstagram.com/v/t51.2885-19/465964826_2500385993503249_5924248222141311841_n.jpg?stp=dst-jpg_e0_s150x150_tt6&_nc_ht=scontent-ber1-1.cdninstagram.com&_nc_cat=101&_nc_ohc=n3VBYlxAQaYQ7kNvgF6JL71&_nc_gid=e17d15689beb44abb4168ecfad1e9cd8&edm=AId3EpQBAAAA&ccb=7-5&oh=00_AYDZ5A39AHRQ8ab_wU3tVWyvoy90AgsWhjI_z42Vj3ewfQ&oe=67A38C5F&_nc_sid=f5838a","team_malludealer","https://scontent-ber1-1.cdninstagram.com/v/t51.2885-19/465964826_2500385993503249_5924248222141311841_n.jpg?stp=dst-jpg_e0_s150x150_tt6&_nc_ht=scontent-ber1-1.cdninstagram.com&_nc_cat=101&_nc_ohc=n3VBYlxAQaYQ7kNvgF6JL71&_nc_gid=e17d15689beb44abb4168ecfad1e9cd8&edm=AId3EpQBAAAA&ccb=7-5&oh=00_AYDZ5A39AHRQ8ab_wU3tVWyvoy90AgsWhjI_z42Vj3ewfQ&oe=67A38C5F&_nc_sid=f5838a","team_malludealer","https://www.instagram.com/reel/C6_B8Omvva3/?igsh=MWQ3cHN3aTBuOWJlag==","0","എടാ മോനെ...ഈ അവസരത്തിൽ പറയാൻ പറ്റുമോന്ന് അറിയില്ല എന്നാലും പറയാം 1K ഫോളോവെർസ് വെറും 99₹ രൂപയ്ക്ക് ചെയ്തു കൊടുക്കുന്നു വേഗം മെസ്സേജ് വിട്ടോ @team_malludealer","2024-05-15T13:53:53.000Z"
"18007051883250324","1",,,,,,,,,,,,,"17841451347682950","𝗦𝗶𝘃𝗮𝗱𝗮𝘁𝗵🦸","51223607589","false","false","false","1738324610","3555968394815921083","https://scontent-ber1-1.cdninstagram.com/v/t51.2885-19/475351590_968389008035922_154214116497933099_n.jpg?stp=dst-jpg_e0_s150x150_tt6&_nc_ht=scontent-ber1-1.cdninstagram.com&_nc_cat=106&_nc_ohc=u--mjGKXqVcQ7kNvgHM9t5o&_nc_gid=e17d15689beb44abb4168ecfad1e9cd8&edm=AId3EpQBAAAA&ccb=7-5&oh=00_AYCe1AP4nShN_JB0AMWx_zDYSzcbWsPpsuiEZxhvGeCNBA&oe=67A39620&_nc_sid=f5838a","dathangosling","https://scontent-ber1-1.cdninstagram.com/v/t51.2885-19/475351590_968389008035922_154214116497933099_n.jpg?stp=dst-jpg_e0_s150x150_tt6&_nc_ht=scontent-ber1-1.cdninstagram.com&_nc_cat=106&_nc_ohc=u--mjGKXqVcQ7kNvgHM9t5o&_nc_gid=e17d15689beb44abb4168ecfad1e9cd8&edm=AId3EpQBAAAA&ccb=7-5&oh=00_AYCe1AP4nShN_JB0AMWx_zDYSzcbWsPpsuiEZxhvGeCNBA&oe=67A39620&_nc_sid=f5838a","dathangosling","https://www.instagram.com/reel/C6_B8Omvva3/?igsh=MWQ3cHN3aTBuOWJlag==","0","@nonaprinceyt  bro 👏","2024-05-15T10:28:26.000Z"
"18046869022619809","3",,,,,,,,,,,,,"17841404002569448","Arun","4075589418","false","false","false","1738345543","3498696341545550639","https://scontent-ber1-1.cdninstagram.com/v/t51.2885-19/466534177_3727858700800574_773555868816154437_n.jpg?stp=dst-jpg_e0_s150x150_tt6&_nc_ht=scontent-ber1-1.cdninstagram.com&_nc_cat=102&_nc_ohc=umnRl8ng-i4Q7kNvgFYghGW&_nc_gid=e17d15689beb44abb4168ecfad1e9cd8&edm=AId3EpQBAAAA&ccb=7-5&oh=00_AYB7Nya1WNsrXDLQ72GuWoysWTHM1F8nsA9lGxdJgrt_ww&oe=67A39C9C&_nc_sid=f5838a","arun.c_j","https://scontent-ber1-1.cdninstagram.com/v/t51.2885-19/466534177_3727858700800574_773555868816154437_n.jpg?stp=dst-jpg_e0_s150x150_tt6&_nc_ht=scontent-ber1-1.cdninstagram.com&_nc_cat=102&_nc_ohc=umnRl8ng-i4Q7kNvgFYghGW&_nc_gid=e17d15689beb44abb4168ecfad1e9cd8&edm=AId3EpQBAAAA&ccb=7-5&oh=00_AYB7Nya1WNsrXDLQ72GuWoysWTHM1F8nsA9lGxdJgrt_ww&oe=67A39C9C&_nc_sid=f5838a","arun.c_j","https://www.instagram.com/reel/C6_B8Omvva3/?igsh=MWQ3cHN3aTBuOWJlag==","0","@avalum.naanumytc 👏😍","2024-05-15T15:41:10.000Z"
"18018278267264643","1",,,,,,,,,,,,,"17841404349766180","Jubin Jacob Thelapurathu","4369448992","true","false","false","0","3476569870176681676","https://scontent-ham3-1.cdninstagram.com/v/t51.2885-19/462715542_512566111687823_1568991407587149810_n.jpg?stp=dst-jpg_e0_s150x150_tt6&_nc_ht=scontent-ham3-1.cdninstagram.com&_nc_cat=111&_nc_ohc=IojtDXPV0K4Q7kNvgE_V8oD&_nc_gid=8c9bf4f532174155a7d235aea35cedb3&edm=AId3EpQBAAAA&ccb=7-5&oh=00_AYDygtn3sjvZoJV12DabexcX62LVW_k6OJ6SmEo2GHX_Ow&oe=67A38505&_nc_sid=f5838a","jubinzz_ranny","https://scontent-ham3-1.cdninstagram.com/v/t51.2885-19/462715542_512566111687823_1568991407587149810_n.jpg?stp=dst-jpg_e0_s150x150_tt6&_nc_ht=scontent-ham3-1.cdninstagram.com&_nc_cat=111&_nc_ohc=IojtDXPV0K4Q7kNvgE_V8oD&_nc_gid=8c9bf4f532174155a7d235aea35cedb3&edm=AId3EpQBAAAA&ccb=7-5&oh=00_AYDygtn3sjvZoJV12DabexcX62LVW_k6OJ6SmEo2GHX_Ow&oe=67A38505&_nc_sid=f5838a","jubinzz_ranny","https://www.instagram.com/p/C6-gj8AvyE0/?igsh=NWdyZ3g1d3BwOHBy","0","❤G CC …. Bahrain 🇧🇭🥰waiting","2024-05-15T05:25:50.000Z"
"18010954640180164","1",,,,,,,,,,,,,"17841464680369812","Chubby _queen 🐼🐼😘😘","64638508012","false","true","false",,,"https://instagram.fpnq6-1.fna.fbcdn.net/v/t51.2885-19/464760996_1254146839119862_3605321457742435801_n.png?stp=dst-jpg_e0_s150x150_tt6&cb=8577c754-c2464923&_nc_ht=instagram.fpnq6-1.fna.fbcdn.net&_nc_cat=1&_nc_ohc=w2biA7W10AIQ7kNvgGxzVjL&_nc_gid=5c72362ad491496cbb5cbd6a6701e74b&edm=ALlQn9MBAAAA&ccb=7-5&ig_cache_key=YW5vbnltb3VzX3Byb2ZpbGVfcGlj.3-ccb7-5-cb8577c754-c2464923&oh=00_AYCz0Lw4swHWOF694QZ9A1jkTRrYNnLnK_2yIIfgN6S1Hg&oe=67A37E28&_nc_sid=e7f676","siri_7wonder_girl","https://instagram.fpnq6-1.fna.fbcdn.net/v/t51.2885-19/464760996_1254146839119862_3605321457742435801_n.png?stp=dst-jpg_e0_s150x150_tt6&cb=8577c754-c2464923&_nc_ht=instagram.fpnq6-1.fna.fbcdn.net&_nc_cat=1&_nc_ohc=w2biA7W10AIQ7kNvgGxzVjL&_nc_gid=5c72362ad491496cbb5cbd6a6701e74b&edm=ALlQn9MBAAAA&ccb=7-5&ig_cache_key=YW5vbnltb3VzX3Byb2ZpbGVfcGlj.3-ccb7-5-cb8577c754-c2464923&oh=00_AYCz0Lw4swHWOF694QZ9A1jkTRrYNnLnK_2yIIfgN6S1Hg&oe=67A37E28&_nc_sid=e7f676","siri_7wonder_girl","https://www.instagram.com/p/C6-gj8AvyE0/?igsh=NWdyZ3g1d3BwOHBy","0","Telugu version dubbed","2024-05-15T08:14:55.000Z"
"18020118419187846","0",,,,,,,,,,,,,"17841434247225332","Arjun Vee","34122661574","true","false","false","1738339616","3537254984081416759","https://scontent-ham3-1.cdninstagram.com/v/t51.2885-19/472090226_2140319296425197_7013006785979410326_n.jpg?stp=dst-jpg_e0_s150x150_tt6&_nc_ht=scontent-ham3-1.cdninstagram.com&_nc_cat=105&_nc_ohc=bVcK4G5FIpgQ7kNvgF7CoZo&_nc_gid=8c9bf4f532174155a7d235aea35cedb3&edm=AId3EpQBAAAA&ccb=7-5&oh=00_AYAMxseFdD1tMl_x9LS-nVqtbXS11b3epB9EV28k9OmjmQ&oe=67A389A8&_nc_sid=f5838a","arjunvvee","https://scontent-ham3-1.cdninstagram.com/v/t51.2885-19/472090226_2140319296425197_7013006785979410326_n.jpg?stp=dst-jpg_e0_s150x150_tt6&_nc_ht=scontent-ham3-1.cdninstagram.com&_nc_cat=105&_nc_ohc=bVcK4G5FIpgQ7kNvgF7CoZo&_nc_gid=8c9bf4f532174155a7d235aea35cedb3&edm=AId3EpQBAAAA&ccb=7-5&oh=00_AYAMxseFdD1tMl_x9LS-nVqtbXS11b3epB9EV28k9OmjmQ&oe=67A389A8&_nc_sid=f5838a","arjunvvee","https://www.instagram.com/p/C6-gj8AvyE0/?igsh=NWdyZ3g1d3BwOHBy","0","🔥Power movie❤️","2024-05-16T18:38:18.000Z"
"17885135063985112","1",,,,,,,,,,,,,"17841433275913028","Lion Haritha nara 🌹🌹🌹🌹🌹😀😀","33144237197","false","false","false","1738347794","3525236866511381198","https://scontent-ham3-1.cdninstagram.com/v/t51.2885-19/470854191_1779842979486313_7808600777504318592_n.jpg?stp=dst-jpg_e0_s150x150_tt6&_nc_ht=scontent-ham3-1.cdninstagram.com&_nc_cat=101&_nc_ohc=7T5zhfo6RngQ7kNvgENQ53B&_nc_gid=8c9bf4f532174155a7d235aea35cedb3&edm=AId3EpQBAAAA&ccb=7-5&oh=00_AYBbYpJasmHs2JeELsf_yyCxVxSVHASdeoAZiW-w4oLHxA&oe=67A382C4&_nc_sid=f5838a","harita_nara__","https://scontent-ham3-1.cdninstagram.com/v/t51.2885-19/470854191_1779842979486313_7808600777504318592_n.jpg?stp=dst-jpg_e0_s150x150_tt6&_nc_ht=scontent-ham3-1.cdninstagram.com&_nc_cat=101&_nc_ohc=7T5zhfo6RngQ7kNvgENQ53B&_nc_gid=8c9bf4f532174155a7d235aea35cedb3&edm=AId3EpQBAAAA&ccb=7-5&oh=00_AYBbYpJasmHs2JeELsf_yyCxVxSVHASdeoAZiW-w4oLHxA&oe=67A382C4&_nc_sid=f5838a","harita_nara__","https://www.instagram.com/p/C6-gj8AvyE0/?igsh=NWdyZ3g1d3BwOHBy","0","❤️❤️❤️❤️❤️❤️❤️","2024-05-16T03:13:20.000Z"
"18027252098293536","0",,,,,,,,,,,,,"17841437544353802","Sangeetha Vr","37550419478","true","true","false",,"3518255223733230002","https://scontent-ham3-1.cdninstagram.com/v/t51.2885-19/469480945_1013010777250540_7513371974436351024_n.jpg?stp=dst-jpg_e0_s150x150_tt6&_nc_ht=scontent-ham3-1.cdninstagram.com&_nc_cat=104&_nc_ohc=wPaAfsjRXlgQ7kNvgHFI3dy&_nc_gid=8c9bf4f532174155a7d235aea35cedb3&edm=AId3EpQBAAAA&ccb=7-5&oh=00_AYCr6DoHraTwTOLICLr0RZjW26gsbR9t_aXJTUzv-pdwVQ&oe=67A3906D&_nc_sid=f5838a","rsangeethav","https://scontent-ham3-1.cdninstagram.com/v/t51.2885-19/469480945_1013010777250540_7513371974436351024_n.jpg?stp=dst-jpg_e0_s150x150_tt6&_nc_ht=scontent-ham3-1.cdninstagram.com&_nc_cat=104&_nc_ohc=wPaAfsjRXlgQ7kNvgHFI3dy&_nc_gid=8c9bf4f532174155a7d235aea35cedb3&edm=AId3EpQBAAAA&ccb=7-5&oh=00_AYCr6DoHraTwTOLICLr0RZjW26gsbR9t_aXJTUzv-pdwVQ&oe=67A3906D&_nc_sid=f5838a","rsangeethav","https://www.instagram.com/p/C6-gj8AvyE0/?igsh=NWdyZ3g1d3BwOHBy","0","A good family entertainer.Prithvi-Basil combo🔥","2024-05-16T09:30:55.000Z"
"18064155466540815","0",,,,,,,,,,,,,"17841404256149056","manesh_","4232445871","false","false","false","1738326058","3458571526810147411","https://scontent-ham3-1.cdninstagram.com/v/t51.2885-19/460211634_451726360522768_7085450223896276707_n.jpg?stp=dst-jpg_e0_s150x150_tt6&_nc_ht=scontent-ham3-1.cdninstagram.com&_nc_cat=104&_nc_ohc=KxTkIPAtegkQ7kNvgE0SIrb&_nc_gid=8c9bf4f532174155a7d235aea35cedb3&edm=AId3EpQBAAAA&ccb=7-5&oh=00_AYDbwQ6n2un0amghDCwTD4fKdX0Wzp3EAQSso8-8W60CZA&oe=67A38188&_nc_sid=f5838a","manesh_kallyasseri","https://scontent-ham3-1.cdninstagram.com/v/t51.2885-19/460211634_451726360522768_7085450223896276707_n.jpg?stp=dst-jpg_e0_s150x150_tt6&_nc_ht=scontent-ham3-1.cdninstagram.com&_nc_cat=104&_nc_ohc=KxTkIPAtegkQ7kNvgE0SIrb&_nc_gid=8c9bf4f532174155a7d235aea35cedb3&edm=AId3EpQBAAAA&ccb=7-5&oh=00_AYDbwQ6n2un0amghDCwTD4fKdX0Wzp3EAQSso8-8W60CZA&oe=67A38188&_nc_sid=f5838a","manesh_kallyasseri","https://www.instagram.com/p/C6-gj8AvyE0/?igsh=NWdyZ3g1d3BwOHBy","0","❤❤❤","2024-05-15T08:03:40.000Z"
"18000748679338423","1",,,,,,,,,,,,,"17841439039319328","Rakesh Vijayakumar","39034637310","true","false","false","1738316069","3405384667074329867","https://scontent-ham3-1.cdninstagram.com/v/t51.2885-19/449834097_784837810517854_1230802105855760714_n.jpg?stp=dst-jpg_e0_s150x150_tt6&_nc_ht=scontent-ham3-1.cdninstagram.com&_nc_cat=110&_nc_ohc=11E9u-GHg-QQ7kNvgEOZX-k&_nc_gid=8c9bf4f532174155a7d235aea35cedb3&edm=AId3EpQBAAAA&ccb=7-5&oh=00_AYAM2R5Ngws88ep2RGiGRjxgShmxmUJqICola1JW2zrKuA&oe=67A37EBB&_nc_sid=f5838a","rakesh__v__menon","https://scontent-ham3-1.cdninstagram.com/v/t51.2885-19/449834097_784837810517854_1230802105855760714_n.jpg?stp=dst-jpg_e0_s150x150_tt6&_nc_ht=scontent-ham3-1.cdninstagram.com&_nc_cat=110&_nc_ohc=11E9u-GHg-QQ7kNvgEOZX-k&_nc_gid=8c9bf4f532174155a7d235aea35cedb3&edm=AId3EpQBAAAA&ccb=7-5&oh=00_AYAM2R5Ngws88ep2RGiGRjxgShmxmUJqICola1JW2zrKuA&oe=67A37EBB&_nc_sid=f5838a","rakesh__v__menon","https://www.instagram.com/p/C6-gj8AvyE0/?igsh=NWdyZ3g1d3BwOHBy","0","🙌❤️‍🔥❤️‍🔥❤️‍🔥","2024-05-15T08:14:15.000Z"
"18434289238001764","0",,,,,,,,,,,,,"17841415672409108","Vidya Manoj","15752874413","true","true","false",,"3491067342315777168","https://scontent-ham3-1.cdninstagram.com/v/t51.2885-19/465087694_1085133916498918_2713172117147955456_n.jpg?stp=dst-jpg_e0_s150x150_tt6&_nc_ht=scontent-ham3-1.cdninstagram.com&_nc_cat=110&_nc_ohc=c5T3qeXAe-EQ7kNvgEl21mB&_nc_gid=8c9bf4f532174155a7d235aea35cedb3&edm=AId3EpQBAAAA&ccb=7-5&oh=00_AYB1z6VupCckaBgtTg7nAqFMdTCrhontgVZaDSIYaMtPXA&oe=67A37A07&_nc_sid=f5838a","vidya28manoj","https://scontent-ham3-1.cdninstagram.com/v/t51.2885-19/465087694_1085133916498918_2713172117147955456_n.jpg?stp=dst-jpg_e0_s150x150_tt6&_nc_ht=scontent-ham3-1.cdninstagram.com&_nc_cat=110&_nc_ohc=c5T3qeXAe-EQ7kNvgEl21mB&_nc_gid=8c9bf4f532174155a7d235aea35cedb3&edm=AId3EpQBAAAA&ccb=7-5&oh=00_AYB1z6VupCckaBgtTg7nAqFMdTCrhontgVZaDSIYaMtPXA&oe=67A37A07&_nc_sid=f5838a","vidya28manoj","https://www.instagram.com/p/C6-gj8AvyE0/?igsh=NWdyZ3g1d3BwOHBy","0","Please screen in Malaysia also","2024-05-16T07:37:41.000Z"
"18058582987839340","0",,,,,,,,,,,,,"17841404757590528","Abhin Raj","4644238586","true","false","false","0","3296266613527484404","https://scontent-ham3-1.cdninstagram.com/v/t51.2885-19/425126478_765003458822895_4293744905387659768_n.jpg?stp=dst-jpg_e0_s150x150_tt6&_nc_ht=scontent-ham3-1.cdninstagram.com&_nc_cat=103&_nc_ohc=3O34p2qKpVEQ7kNvgHYiJKh&_nc_gid=8c9bf4f532174155a7d235aea35cedb3&edm=AId3EpQBAAAA&ccb=7-5&oh=00_AYCw6Ze4TI2EynWB4ZZdrR889MTElPZ_-1SOQMxmSpizLg&oe=67A37183&_nc_sid=f5838a","abhinraj_official","https://scontent-ham3-1.cdninstagram.com/v/t51.2885-19/425126478_765003458822895_4293744905387659768_n.jpg?stp=dst-jpg_e0_s150x150_tt6&_nc_ht=scontent-ham3-1.cdninstagram.com&_nc_cat=103&_nc_ohc=3O34p2qKpVEQ7kNvgHYiJKh&_nc_gid=8c9bf4f532174155a7d235aea35cedb3&edm=AId3EpQBAAAA&ccb=7-5&oh=00_AYCw6Ze4TI2EynWB4ZZdrR889MTElPZ_-1SOQMxmSpizLg&oe=67A37183&_nc_sid=f5838a","abhinraj_official","https://www.instagram.com/p/C6-gj8AvyE0/?igsh=NWdyZ3g1d3BwOHBy","0","❤️","2024-10-22T16:26:41.000Z"
"18124916365359375","1",,,,,,,,,,,,,"17841404691311984","👑sahar👑","4575868377","true","true","false",,"3542674025847686031","https://scontent-ham3-1.cdninstagram.com/v/t51.2885-19/473039799_610299341580076_105016019929053941_n.jpg?stp=dst-jpg_e0_s150x150_tt6&_nc_ht=scontent-ham3-1.cdninstagram.com&_nc_cat=104&_nc_ohc=Mj_qtN2k0A4Q7kNvgE0oT0Z&_nc_gid=8c9bf4f532174155a7d235aea35cedb3&edm=AId3EpQBAAAA&ccb=7-5&oh=00_AYDyVWWIouz9Z535jtUr8rqFAfXEtnmyyn6dQeO8Q7jlyw&oe=67A37084&_nc_sid=f5838a","__miiss__princes__","https://scontent-ham3-1.cdninstagram.com/v/t51.2885-19/473039799_610299341580076_105016019929053941_n.jpg?stp=dst-jpg_e0_s150x150_tt6&_nc_ht=scontent-ham3-1.cdninstagram.com&_nc_cat=104&_nc_ohc=Mj_qtN2k0A4Q7kNvgE0oT0Z&_nc_gid=8c9bf4f532174155a7d235aea35cedb3&edm=AId3EpQBAAAA&ccb=7-5&oh=00_AYDyVWWIouz9Z535jtUr8rqFAfXEtnmyyn6dQeO8Q7jlyw&oe=67A37084&_nc_sid=f5838a","__miiss__princes__","https://www.instagram.com/p/C6-gj8AvyE0/?igsh=NWdyZ3g1d3BwOHBy","0","❤️❤️","2024-05-15T05:25:16.000Z"
"17862048735140816","0",,,,,,,,,,,,,"17841435399144976","Siyan Saju","35399803971","true","false","false","0","3537179054948167092","https://scontent-ham3-1.cdninstagram.com/v/t51.2885-19/471863941_1747167862729738_2928233216865684296_n.jpg?stp=dst-jpg_e0_s150x150_tt6&_nc_ht=scontent-ham3-1.cdninstagram.com&_nc_cat=110&_nc_ohc=_TrGrXDSiksQ7kNvgHIMEnM&_nc_gid=8c9bf4f532174155a7d235aea35cedb3&edm=AId3EpQBAAAA&ccb=7-5&oh=00_AYCJK4LRsJNI_0AQCdndvwAnD7peLlfMmRGEW65c9Tgcfw&oe=67A3A0CD&_nc_sid=f5838a","siyan_saju","https://scontent-ham3-1.cdninstagram.com/v/t51.2885-19/471863941_1747167862729738_2928233216865684296_n.jpg?stp=dst-jpg_e0_s150x150_tt6&_nc_ht=scontent-ham3-1.cdninstagram.com&_nc_cat=110&_nc_ohc=_TrGrXDSiksQ7kNvgHIMEnM&_nc_gid=8c9bf4f532174155a7d235aea35cedb3&edm=AId3EpQBAAAA&ccb=7-5&oh=00_AYCJK4LRsJNI_0AQCdndvwAnD7peLlfMmRGEW65c9Tgcfw&oe=67A3A0CD&_nc_sid=f5838a","siyan_saju","https://www.instagram.com/p/C6-gj8AvyE0/?igsh=NWdyZ3g1d3BwOHBy","0","F","2024-05-18T12:31:56.000Z"
"17994128570631189","0",,,,,,,,,,,,,"17841400709183992","Arya Thampi","895447639","true","true","false",,"3492730474617949899","https://scontent-ham3-1.cdninstagram.com/v/t51.2885-19/465273582_530731963065226_3684478344649321787_n.jpg?stp=dst-jpg_e0_s150x150_tt6&_nc_ht=scontent-ham3-1.cdninstagram.com&_nc_cat=110&_nc_ohc=o83ge2B63HAQ7kNvgEPWCHM&_nc_gid=8c9bf4f532174155a7d235aea35cedb3&edm=AId3EpQBAAAA&ccb=7-5&oh=00_AYCsEZSrG8HD-JL4wzXdDWDidvpiXJJAVAdDOs6dh_XnGg&oe=67A398C1&_nc_sid=f5838a","aryammu","https://scontent-ham3-1.cdninstagram.com/v/t51.2885-19/465273582_530731963065226_3684478344649321787_n.jpg?stp=dst-jpg_e0_s150x150_tt6&_nc_ht=scontent-ham3-1.cdninstagram.com&_nc_cat=110&_nc_ohc=o83ge2B63HAQ7kNvgEPWCHM&_nc_gid=8c9bf4f532174155a7d235aea35cedb3&edm=AId3EpQBAAAA&ccb=7-5&oh=00_AYCsEZSrG8HD-JL4wzXdDWDidvpiXJJAVAdDOs6dh_XnGg&oe=67A398C1&_nc_sid=f5838a","aryammu","https://www.instagram.com/p/C6-gj8AvyE0/?igsh=NWdyZ3g1d3BwOHBy","0","😍","2024-05-18T03:28:01.000Z"
"17909034923949450","0",,,,,,,,,,,,,"17841455361062828","സുധീഷ്. ksd","55382629368","true","false","false","0","2980635642394467718","https://scontent-ham3-1.cdninstagram.com/v/t51.2885-19/316980293_3421508611465917_1932935663951180824_n.jpg?stp=dst-jpg_e0_s150x150_tt6&_nc_ht=scontent-ham3-1.cdninstagram.com&_nc_cat=109&_nc_ohc=VjrMlVxmwDAQ7kNvgHZek9O&_nc_gid=8c9bf4f532174155a7d235aea35cedb3&edm=AId3EpQBAAAA&ccb=7-5&oh=00_AYCTj9RlWo2YQSrcTLeJ5q3tcgVD2bMtxBZuRFk59OWnEw&oe=67A379FE&_nc_sid=f5838a","prithviraj.fan.sudheesh.ksd","https://scontent-ham3-1.cdninstagram.com/v/t51.2885-19/316980293_3421508611465917_1932935663951180824_n.jpg?stp=dst-jpg_e0_s150x150_tt6&_nc_ht=scontent-ham3-1.cdninstagram.com&_nc_cat=109&_nc_ohc=VjrMlVxmwDAQ7kNvgHZek9O&_nc_gid=8c9bf4f532174155a7d235aea35cedb3&edm=AId3EpQBAAAA&ccb=7-5&oh=00_AYCTj9RlWo2YQSrcTLeJ5q3tcgVD2bMtxBZuRFk59OWnEw&oe=67A379FE&_nc_sid=f5838a","prithviraj.fan.sudheesh.ksd","https://www.instagram.com/p/C6-gj8AvyE0/?igsh=NWdyZ3g1d3BwOHBy","0","❤️❤️","2024-05-15T06:43:58.000Z"
"18033342499817109","0",,,,,,,,,,,,,"17841404244004178","Soundaryaa","4273429466","true","true","false",,"3391773058812325818","https://scontent-ham3-1.cdninstagram.com/v/t51.2885-19/448330262_1481676062743028_2245974402809017219_n.jpg?stp=dst-jpg_e0_s150x150_tt6&_nc_ht=scontent-ham3-1.cdninstagram.com&_nc_cat=108&_nc_ohc=3kTcIp0N5EAQ7kNvgFVZ0I8&_nc_gid=8c9bf4f532174155a7d235aea35cedb3&edm=AId3EpQBAAAA&ccb=7-5&oh=00_AYDeYkhmz2hU8wg5nlpQHjVwWGqejMhiHTaZ9PVq8KSI7Q&oe=67A3A2A3&_nc_sid=f5838a","_santhiyaa_","https://scontent-ham3-1.cdninstagram.com/v/t51.2885-19/448330262_1481676062743028_2245974402809017219_n.jpg?stp=dst-jpg_e0_s150x150_tt6&_nc_ht=scontent-ham3-1.cdninstagram.com&_nc_cat=108&_nc_ohc=3kTcIp0N5EAQ7kNvgFVZ0I8&_nc_gid=8c9bf4f532174155a7d235aea35cedb3&edm=AId3EpQBAAAA&ccb=7-5&oh=00_AYDeYkhmz2hU8wg5nlpQHjVwWGqejMhiHTaZ9PVq8KSI7Q&oe=67A3A2A3&_nc_sid=f5838a","_santhiyaa_","https://www.instagram.com/p/C6-gj8AvyE0/?igsh=NWdyZ3g1d3BwOHBy","0","As usual malaysia seems to non exist","2024-05-17T10:15:08.000Z"
"18050442559590854","0",,,,,,,,,,,,,"17841465853319188","vichurani","65913507110","false","false","false","0","3409238008548552008","https://scontent-ham3-1.cdninstagram.com/v/t51.2885-19/450463560_1121237218964173_695022064623963410_n.jpg?stp=dst-jpg_e0_s150x150_tt6&_nc_ht=scontent-ham3-1.cdninstagram.com&_nc_cat=101&_nc_ohc=JfZyrnZn8ZEQ7kNvgFtlkO_&_nc_gid=8c9bf4f532174155a7d235aea35cedb3&edm=AId3EpQBAAAA&ccb=7-5&oh=00_AYCd1GviWUZU-RhLFoGywoJMS-dpJLvzgFjapz-sDNKIdw&oe=67A3987C&_nc_sid=f5838a","uchina_madara_7","https://scontent-ham3-1.cdninstagram.com/v/t51.2885-19/450463560_1121237218964173_695022064623963410_n.jpg?stp=dst-jpg_e0_s150x150_tt6&_nc_ht=scontent-ham3-1.cdninstagram.com&_nc_cat=101&_nc_ohc=JfZyrnZn8ZEQ7kNvgFtlkO_&_nc_gid=8c9bf4f532174155a7d235aea35cedb3&edm=AId3EpQBAAAA&ccb=7-5&oh=00_AYCd1GviWUZU-RhLFoGywoJMS-dpJLvzgFjapz-sDNKIdw&oe=67A3987C&_nc_sid=f5838a","uchina_madara_7","https://www.instagram.com/p/C6-gj8AvyE0/?igsh=NWdyZ3g1d3BwOHBy","0","❤️❤️","2024-05-15T05:18:33.000Z"
"18009551165653126","59",,,,,,,,,,,,,"17841405603129330","JO'c Sebastian","5754642770","true","false","false","0","3553887098296436331","https://scontent-ham3-1.cdninstagram.com/v/t51.2885-19/475078672_619229904384349_1060445261489244069_n.jpg?stp=dst-jpg_e0_s150x150_tt6&_nc_ht=scontent-ham3-1.cdninstagram.com&_nc_cat=101&_nc_ohc=3oZ7i4De3hIQ7kNvgHey73l&_nc_gid=15824607584442ea9d657afa424ffd1e&edm=AId3EpQBAAAA&ccb=7-5&oh=00_AYCeglHUcO_pBHZqyDL1GiZ1jqxSxy_Owmu6OVstIKFiKw&oe=67A37530&_nc_sid=f5838a","joc_2722","https://scontent-ham3-1.cdninstagram.com/v/t51.2885-19/475078672_619229904384349_1060445261489244069_n.jpg?stp=dst-jpg_e0_s150x150_tt6&_nc_ht=scontent-ham3-1.cdninstagram.com&_nc_cat=101&_nc_ohc=3oZ7i4De3hIQ7kNvgHey73l&_nc_gid=15824607584442ea9d657afa424ffd1e&edm=AId3EpQBAAAA&ccb=7-5&oh=00_AYCeglHUcO_pBHZqyDL1GiZ1jqxSxy_Owmu6OVstIKFiKw&oe=67A37530&_nc_sid=f5838a","joc_2722","https://www.instagram.com/p/DB0FsiTSmal/?igsh=OTF6bjc2NHpoenBl","3","Ma Dong - seok it's Dong lee 🔥🔥🔥","2024-11-01T03:49:28.000Z"
"18018149546329058","17",,,,,,,,,,,,,"17841448555165332","Aswin Vidhu","48602666505","true","true","false",,"3474700887460028598","https://scontent-ham3-1.cdninstagram.com/v/t51.2885-19/462634310_1276126203543417_3082903007697180751_n.jpg?stp=dst-jpg_e0_s150x150_tt6&_nc_ht=scontent-ham3-1.cdninstagram.com&_nc_cat=109&_nc_ohc=reQQEY4je3wQ7kNvgEa1KQj&_nc_gid=15824607584442ea9d657afa424ffd1e&edm=AId3EpQBAAAA&ccb=7-5&oh=00_AYAc4GAu_S3BQsCdBl1F5FQyaMsyczTPcS5InlUWpYBEsg&oe=67A3976F&_nc_sid=f5838a","aswinvidhu","https://scontent-ham3-1.cdninstagram.com/v/t51.2885-19/462634310_1276126203543417_3082903007697180751_n.jpg?stp=dst-jpg_e0_s150x150_tt6&_nc_ht=scontent-ham3-1.cdninstagram.com&_nc_cat=109&_nc_ohc=reQQEY4je3wQ7kNvgEa1KQj&_nc_gid=15824607584442ea9d657afa424ffd1e&edm=AId3EpQBAAAA&ccb=7-5&oh=00_AYAc4GAu_S3BQsCdBl1F5FQyaMsyczTPcS5InlUWpYBEsg&oe=67A3976F&_nc_sid=f5838a","aswinvidhu","https://www.instagram.com/p/DB0FsiTSmal/?igsh=OTF6bjc2NHpoenBl","0","Lucifer release- 28-03-2019","2024-11-01T04:12:47.000Z"
"18004949990673706","31",,,,,,,,,,,,,"17841406876714176","Tony Thomas","6913405223","true","false","false","1738306028","3261730779411634841","https://scontent-ham3-1.cdninstagram.com/v/t51.2885-19/412157838_1493601284759914_4283146274036263105_n.jpg?stp=dst-jpg_e0_s150x150_tt6&_nc_ht=scontent-ham3-1.cdninstagram.com&_nc_cat=110&_nc_ohc=vuyOQWxnv3YQ7kNvgF3mSnh&_nc_gid=15824607584442ea9d657afa424ffd1e&edm=AId3EpQBAAAA&ccb=7-5&oh=00_AYDtnMa5QHzlXwGsTIDCxFQjcb0jmtS2wGPvUZFMJSDY_A&oe=67A39AF7&_nc_sid=f5838a","t_o_n_y_t_h_o_m_a_s","https://scontent-ham3-1.cdninstagram.com/v/t51.2885-19/412157838_1493601284759914_4283146274036263105_n.jpg?stp=dst-jpg_e0_s150x150_tt6&_nc_ht=scontent-ham3-1.cdninstagram.com&_nc_cat=110&_nc_ohc=vuyOQWxnv3YQ7kNvgF3mSnh&_nc_gid=15824607584442ea9d657afa424ffd1e&edm=AId3EpQBAAAA&ccb=7-5&oh=00_AYDtnMa5QHzlXwGsTIDCxFQjcb0jmtS2wGPvUZFMJSDY_A&oe=67A39AF7&_nc_sid=f5838a","t_o_n_y_t_h_o_m_a_s","https://www.instagram.com/p/DB0FsiTSmal/?igsh=OTF6bjc2NHpoenBl","0","ദൈവപുത്രൻ മാർച്ച് 27ന് അവതരിക്കും..🔥🔥🔥
L2","2024-11-01T05:06:29.000Z"
"18017877251556744","2",,,,,,,,,,,,,"17841456982887304","MR. CREED","57018443429","true","false","false","1738342927","3282236392050361712","https://scontent-ham3-1.cdninstagram.com/v/t51.2885-19/419082623_1454554598460269_7629217922912411920_n.jpg?stp=dst-jpg_e0_s150x150_tt6&_nc_ht=scontent-ham3-1.cdninstagram.com&_nc_cat=105&_nc_ohc=WND-cxIbkfsQ7kNvgEF3CCw&_nc_gid=15824607584442ea9d657afa424ffd1e&edm=AId3EpQBAAAA&ccb=7-5&oh=00_AYCTna1lO8unu28sKwbVoJb3CCCYz72q0IO414RfnLtE1g&oe=67A38E13&_nc_sid=f5838a","mr_creed_rtx","https://scontent-ham3-1.cdninstagram.com/v/t51.2885-19/419082623_1454554598460269_7629217922912411920_n.jpg?stp=dst-jpg_e0_s150x150_tt6&_nc_ht=scontent-ham3-1.cdninstagram.com&_nc_cat=105&_nc_ohc=WND-cxIbkfsQ7kNvgEF3CCw&_nc_gid=15824607584442ea9d657afa424ffd1e&edm=AId3EpQBAAAA&ccb=7-5&oh=00_AYCTna1lO8unu28sKwbVoJb3CCCYz72q0IO414RfnLtE1g&oe=67A38E13&_nc_sid=f5838a","mr_creed_rtx","https://www.instagram.com/p/DB0FsiTSmal/?igsh=OTF6bjc2NHpoenBl","0","Pls put a preview or lyrical vid of movie","2024-11-01T12:15:22.000Z"
"18026835596181712","2",,,,,,,,,,,,,"17841407524096680","Midhun Raj","7493442803","true","false","false","0","3536749784595262537","https://scontent-ham3-1.cdninstagram.com/v/t51.2885-19/472363389_1314243053341784_4640947603809567944_n.jpg?stp=dst-jpg_e0_s150x150_tt6&_nc_ht=scontent-ham3-1.cdninstagram.com&_nc_cat=108&_nc_ohc=pRxUllCHLt8Q7kNvgHpWLxo&_nc_gid=15824607584442ea9d657afa424ffd1e&edm=AId3EpQBAAAA&ccb=7-5&oh=00_AYCFZb_FA2z_5y8UeeYg93sZBASIXIBvMrN2lZbZEhTNXA&oe=67A3973A&_nc_sid=f5838a","midhun_raj_10","https://scontent-ham3-1.cdninstagram.com/v/t51.2885-19/472363389_1314243053341784_4640947603809567944_n.jpg?stp=dst-jpg_e0_s150x150_tt6&_nc_ht=scontent-ham3-1.cdninstagram.com&_nc_cat=108&_nc_ohc=pRxUllCHLt8Q7kNvgHpWLxo&_nc_gid=15824607584442ea9d657afa424ffd1e&edm=AId3EpQBAAAA&ccb=7-5&oh=00_AYCFZb_FA2z_5y8UeeYg93sZBASIXIBvMrN2lZbZEhTNXA&oe=67A3973A&_nc_sid=f5838a","midhun_raj_10","https://www.instagram.com/p/DB0FsiTSmal/?igsh=OTF6bjc2NHpoenBl","0","Fafa🙌🔥","2024-11-01T04:10:23.000Z"
"18037007585016894","2",,,,,,,,,,,,,"17841407567954128","🔆 ᗩ𝓜ΔŘ รђ𝒶н","7473028265","true","false","true","0","3346186443570451530","https://scontent-ham3-1.cdninstagram.com/v/t51.2885-19/438550272_478224067864006_1852692334161019149_n.jpg?stp=dst-jpg_e0_s150x150_tt6&_nc_ht=scontent-ham3-1.cdninstagram.com&_nc_cat=110&_nc_ohc=W21SWt23nBIQ7kNvgHFOGVD&_nc_gid=15824607584442ea9d657afa424ffd1e&edm=AId3EpQBAAAA&ccb=7-5&oh=00_AYDnJUPMGinYwMKjcDHYV_BKDXqI9z-rKoCQSwu0lbLjcQ&oe=67A38699&_nc_sid=f5838a","amarshahofficial","https://scontent-ham3-1.cdninstagram.com/v/t51.2885-19/438550272_478224067864006_1852692334161019149_n.jpg?stp=dst-jpg_e0_s150x150_tt6&_nc_ht=scontent-ham3-1.cdninstagram.com&_nc_cat=110&_nc_ohc=W21SWt23nBIQ7kNvgHFOGVD&_nc_gid=15824607584442ea9d657afa424ffd1e&edm=AId3EpQBAAAA&ccb=7-5&oh=00_AYDnJUPMGinYwMKjcDHYV_BKDXqI9z-rKoCQSwu0lbLjcQ&oe=67A38699&_nc_sid=f5838a","amarshahofficial","https://www.instagram.com/p/DB0FsiTSmal/?igsh=OTF6bjc2NHpoenBl","0","🔥🔥🔥🔥🔥","2024-11-01T03:42:14.000Z"
"17966810774807560","1",,,,,,,,,,,,,"17841444249384572","Padmakumar P B","44276570979","false","true","false",,"3285189382077897915","https://scontent-ham3-1.cdninstagram.com/v/t51.2885-19/420025151_348398714786188_2364773894846674650_n.jpg?stp=dst-jpg_e0_s150x150_tt6&_nc_ht=scontent-ham3-1.cdninstagram.com&_nc_cat=104&_nc_ohc=siLvhNkAWc0Q7kNvgEP2ppG&_nc_gid=15824607584442ea9d657afa424ffd1e&edm=AId3EpQBAAAA&ccb=7-5&oh=00_AYAkXbmX6gZPFD3mERXOxGdytSZAwixQojQF4g57b7L0Zw&oe=67A380FC&_nc_sid=f5838a","padmakumar_2255","https://scontent-ham3-1.cdninstagram.com/v/t51.2885-19/420025151_348398714786188_2364773894846674650_n.jpg?stp=dst-jpg_e0_s150x150_tt6&_nc_ht=scontent-ham3-1.cdninstagram.com&_nc_cat=104&_nc_ohc=siLvhNkAWc0Q7kNvgEP2ppG&_nc_gid=15824607584442ea9d657afa424ffd1e&edm=AId3EpQBAAAA&ccb=7-5&oh=00_AYAkXbmX6gZPFD3mERXOxGdytSZAwixQojQF4g57b7L0Zw&oe=67A380FC&_nc_sid=f5838a","padmakumar_2255","https://www.instagram.com/p/DB0FsiTSmal/?igsh=OTF6bjc2NHpoenBl","0","❤️🔥","2024-11-01T03:43:48.000Z"
"17884361808140562","13",,,,,,,,,,,,,"17841405823693504","سيام إس","5788026123","true","true","false",,"3183807815503369102","https://scontent-ham3-1.cdninstagram.com/v/t51.2885-19/374177869_1059714131862103_672476478005762112_n.jpg?stp=dst-jpg_e0_s150x150_tt6&_nc_ht=scontent-ham3-1.cdninstagram.com&_nc_cat=107&_nc_ohc=SsyEbpwRpFQQ7kNvgElSKbg&_nc_gid=15824607584442ea9d657afa424ffd1e&edm=AId3EpQBAAAA&ccb=7-5&oh=00_AYC9at53e0QTJZJgFB5asqGp6PlzdMKIfTuuizreHaP0YQ&oe=67A37E54&_nc_sid=f5838a","s_y_a_m_gs","https://scontent-ham3-1.cdninstagram.com/v/t51.2885-19/374177869_1059714131862103_672476478005762112_n.jpg?stp=dst-jpg_e0_s150x150_tt6&_nc_ht=scontent-ham3-1.cdninstagram.com&_nc_cat=107&_nc_ohc=SsyEbpwRpFQQ7kNvgElSKbg&_nc_gid=15824607584442ea9d657afa424ffd1e&edm=AId3EpQBAAAA&ccb=7-5&oh=00_AYC9at53e0QTJZJgFB5asqGp6PlzdMKIfTuuizreHaP0YQ&oe=67A37E54&_nc_sid=f5838a","s_y_a_m_gs","https://www.instagram.com/p/DB0FsiTSmal/?igsh=OTF6bjc2NHpoenBl","3","Don Lee🔥","2024-11-01T04:22:49.000Z"
"18049772077946208","6",,,,,,,,,,,,,"17841459107627270","𝙎𝘼𝙉𝘿𝙀𝙀𝙋. 𝙋𝘼𝙇𝘼𝙔𝙄","59098162254","true","false","false","0","3481655576814904445","https://scontent-ham3-1.cdninstagram.com/v/t51.2885-19/463805309_1246437276549408_4474321356474031764_n.jpg?stp=dst-jpg_e0_s150x150_tt6&_nc_ht=scontent-ham3-1.cdninstagram.com&_nc_cat=100&_nc_ohc=_ATuy7McmTsQ7kNvgEnr4nC&_nc_gid=15824607584442ea9d657afa424ffd1e&edm=AId3EpQBAAAA&ccb=7-5&oh=00_AYCwYrSiTBhDSmXn51oM_O-2FmsCsVseNtOiJYooay31JQ&oe=67A37BBA&_nc_sid=f5838a","sandeep_palayi","https://scontent-ham3-1.cdninstagram.com/v/t51.2885-19/463805309_1246437276549408_4474321356474031764_n.jpg?stp=dst-jpg_e0_s150x150_tt6&_nc_ht=scontent-ham3-1.cdninstagram.com&_nc_cat=100&_nc_ohc=_ATuy7McmTsQ7kNvgEnr4nC&_nc_gid=15824607584442ea9d657afa424ffd1e&edm=AId3EpQBAAAA&ccb=7-5&oh=00_AYCwYrSiTBhDSmXn51oM_O-2FmsCsVseNtOiJYooay31JQ&oe=67A37BBA&_nc_sid=f5838a","sandeep_palayi","https://www.instagram.com/p/DB0FsiTSmal/?igsh=OTF6bjc2NHpoenBl","0","ബോക്സ് ഓഫീസ് വിറപ്പിക്കാൻ ദൈവപുത്രൻ വരട്ടെ..🙌🔥❤️🤍","2024-11-01T14:46:47.000Z"
"18065196712733755","1",,,,,,,,,,,,,"17841445623470348","𝘃𝗶𝘀𝗵𝗮𝗸💐","45682792782","true","false","false","1738341630","2905746855918598349","https://scontent-ham3-1.cdninstagram.com/v/t51.2885-19/299282612_152473790721235_6069739860847791806_n.jpg?stp=dst-jpg_e0_s150x150_tt6&_nc_ht=scontent-ham3-1.cdninstagram.com&_nc_cat=107&_nc_ohc=MdVZDrMQOfAQ7kNvgGMP4dr&_nc_gid=15824607584442ea9d657afa424ffd1e&edm=AId3EpQBAAAA&ccb=7-5&oh=00_AYAD2kbYJakuBxgrSM4ZAj0NbfPOZuMwmq9hz6hJZaPJkw&oe=67A36B96&_nc_sid=f5838a","vishak_k10","https://scontent-ham3-1.cdninstagram.com/v/t51.2885-19/299282612_152473790721235_6069739860847791806_n.jpg?stp=dst-jpg_e0_s150x150_tt6&_nc_ht=scontent-ham3-1.cdninstagram.com&_nc_cat=107&_nc_ohc=MdVZDrMQOfAQ7kNvgGMP4dr&_nc_gid=15824607584442ea9d657afa424ffd1e&edm=AId3EpQBAAAA&ccb=7-5&oh=00_AYAD2kbYJakuBxgrSM4ZAj0NbfPOZuMwmq9hz6hJZaPJkw&oe=67A36B96&_nc_sid=f5838a","vishak_k10","https://www.instagram.com/p/DB0FsiTSmal/?igsh=OTF6bjc2NHpoenBl","0","Donleeeeeeeee😳💥💥💥💥","2024-11-01T04:51:12.000Z"
"17935206641931936","1",,,,,,,,,,,,,"17841453909762510","ساليي","53780084992","true","false","false","0",,"https://instagram.fura3-1.fna.fbcdn.net/v/t51.2885-19/464760996_1254146839119862_3605321457742435801_n.png?stp=dst-jpg_e0_s150x150_tt6&cb=8577c754-c2464923&_nc_ht=instagram.fura3-1.fna.fbcdn.net&_nc_cat=1&_nc_ohc=w2biA7W10AIQ7kNvgHLJZS8&_nc_gid=e639e702fcdc48059192449c39915bd7&edm=AFs-eF8BAAAA&ccb=7-5&ig_cache_key=YW5vbnltb3VzX3Byb2ZpbGVfcGlj.3-ccb7-5-cb8577c754-c2464923&oh=00_AYAQHjEMOlZgdXx6SSE3BGARydiCdAdlXT8iSpK0pkPfRQ&oe=67A37E28&_nc_sid=72eed0","salehamael","https://instagram.fura3-1.fna.fbcdn.net/v/t51.2885-19/464760996_1254146839119862_3605321457742435801_n.png?stp=dst-jpg_e0_s150x150_tt6&cb=8577c754-c2464923&_nc_ht=instagram.fura3-1.fna.fbcdn.net&_nc_cat=1&_nc_ohc=w2biA7W10AIQ7kNvgHLJZS8&_nc_gid=e639e702fcdc48059192449c39915bd7&edm=AFs-eF8BAAAA&ccb=7-5&ig_cache_key=YW5vbnltb3VzX3Byb2ZpbGVfcGlj.3-ccb7-5-cb8577c754-c2464923&oh=00_AYAQHjEMOlZgdXx6SSE3BGARydiCdAdlXT8iSpK0pkPfRQ&oe=67A37E28&_nc_sid=72eed0","salehamael","https://www.instagram.com/p/DB0FsiTSmal/?igsh=OTF6bjc2NHpoenBl","0","💙","2024-11-01T13:08:19.000Z"
"17884001040069852","3","BRWAInZmzzBm0","200","https://media4.giphy.com/media/v1.Y2lkPWFlZWNjYzExd3ppZ3RwaWF2OTB3bDI5dWlvdDE2MHM0ZWlncDR1M3c5b2JtcWkwaSZlcD12MV9naWZzX2dpZklkJmN0PWc/BRWAInZmzzBm0/200.mp4","83943","303732","https://media4.giphy.com/media/v1.Y2lkPWFlZWNjYzExd3ppZ3RwaWF2OTB3bDI5dWlvdDE2MHM0ZWlncDR1M3c5b2JtcWkwaSZlcD12MV9naWZzX2dpZklkJmN0PWc/BRWAInZmzzBm0/200.gif","https://media4.giphy.com/media/v1.Y2lkPWFlZWNjYzExd3ppZ3RwaWF2OTB3bDI5dWlvdDE2MHM0ZWlncDR1M3c5b2JtcWkwaSZlcD12MV9naWZzX2dpZklkJmN0PWc/BRWAInZmzzBm0/200.webp","112938","358","false","Gus Fring Help GIF by Breaking Bad","breakingbad","17841441189227600","karma","41100804974","true","false","false","1738335261","3528848634626216217","https://scontent-ham3-1.cdninstagram.com/v/t51.2885-19/471451878_1264261584905357_687249625370449162_n.jpg?stp=dst-jpg_e0_s150x150_tt6&_nc_ht=scontent-ham3-1.cdninstagram.com&_nc_cat=105&_nc_ohc=UO9mIU5zmJEQ7kNvgGJf0VG&_nc_gid=15824607584442ea9d657afa424ffd1e&edm=AId3EpQBAAAA&ccb=7-5&oh=00_AYAvT-og8TmrQqII8Sy_fvJISzprSRSA5zMausuuvqIWqA&oe=67A36E89&_nc_sid=f5838a","thegokulkarma","https://scontent-ham3-1.cdninstagram.com/v/t51.2885-19/471451878_1264261584905357_687249625370449162_n.jpg?stp=dst-jpg_e0_s150x150_tt6&_nc_ht=scontent-ham3-1.cdninstagram.com&_nc_cat=105&_nc_ohc=UO9mIU5zmJEQ7kNvgGJf0VG&_nc_gid=15824607584442ea9d657afa424ffd1e&edm=AId3EpQBAAAA&ccb=7-5&oh=00_AYAvT-og8TmrQqII8Sy_fvJISzprSRSA5zMausuuvqIWqA&oe=67A36E89&_nc_sid=f5838a","thegokulkarma","https://www.instagram.com/p/DB0FsiTSmal/?igsh=OTF6bjc2NHpoenBl","0","","2024-11-01T04:27:12.000Z"
"18468483682013099","77",,,,,,,,,,,,,"17841403776738900","Achu","3671197891","true","false","false","1738321316","3006746685221947805","https://scontent-ham3-1.cdninstagram.com/v/t51.2885-19/323308450_176441015023813_283862356146590088_n.jpg?stp=dst-jpg_e0_s150x150_tt6&_nc_ht=scontent-ham3-1.cdninstagram.com&_nc_cat=101&_nc_ohc=aW3ge8rS8FAQ7kNvgEll2KH&_nc_gid=15824607584442ea9d657afa424ffd1e&edm=AId3EpQBAAAA&ccb=7-5&oh=00_AYDHDq3dugeGqO-2_dQXxJxm0thj7HQMS_BW8vCmY9L6ng&oe=67A395DB&_nc_sid=f5838a","john_wikk","https://scontent-ham3-1.cdninstagram.com/v/t51.2885-19/323308450_176441015023813_283862356146590088_n.jpg?stp=dst-jpg_e0_s150x150_tt6&_nc_ht=scontent-ham3-1.cdninstagram.com&_nc_cat=101&_nc_ohc=aW3ge8rS8FAQ7kNvgEll2KH&_nc_gid=15824607584442ea9d657afa424ffd1e&edm=AId3EpQBAAAA&ccb=7-5&oh=00_AYDHDq3dugeGqO-2_dQXxJxm0thj7HQMS_BW8vCmY9L6ng&oe=67A395DB&_nc_sid=f5838a","john_wikk","https://www.instagram.com/p/DB0FsiTSmal/?igsh=OTF6bjc2NHpoenBl","0","Fafa..?","2024-11-01T03:55:18.000Z"
"18124389967380872","2",,,,,,,,,,,,,"17841407419023692","Adithya Pillai","7389543300","true","true","false",,"3495176482467934889","https://scontent-ham3-1.cdninstagram.com/v/t51.2885-19/465921742_1443548579934538_4804781568763153435_n.jpg?stp=dst-jpg_e0_s150x150_tt6&_nc_ht=scontent-ham3-1.cdninstagram.com&_nc_cat=110&_nc_ohc=ZFYkqZzV-uEQ7kNvgEXLgSn&_nc_gid=15824607584442ea9d657afa424ffd1e&edm=AId3EpQBAAAA&ccb=7-5&oh=00_AYAiabVhZ6fIerZJr4JAxuXa-7iHHKSSu3dBmLy-lHAkHg&oe=67A393B3&_nc_sid=f5838a","aaa_dh_i","https://scontent-ham3-1.cdninstagram.com/v/t51.2885-19/465921742_1443548579934538_4804781568763153435_n.jpg?stp=dst-jpg_e0_s150x150_tt6&_nc_ht=scontent-ham3-1.cdninstagram.com&_nc_cat=110&_nc_ohc=ZFYkqZzV-uEQ7kNvgEXLgSn&_nc_gid=15824607584442ea9d657afa424ffd1e&edm=AId3EpQBAAAA&ccb=7-5&oh=00_AYAiabVhZ6fIerZJr4JAxuXa-7iHHKSSu3dBmLy-lHAkHg&oe=67A393B3&_nc_sid=f5838a","aaa_dh_i","https://www.instagram.com/p/DB0FsiTSmal/?igsh=OTF6bjc2NHpoenBl","0","🔥🔥","2024-11-01T04:24:00.000Z"
"17960128085831050","5",,,,,,,,,,,,,"17841439154084692","Hisham","39157545136","true","false","false","1738342358","3416879736431151063","https://scontent-ham3-1.cdninstagram.com/v/t51.2885-19/452135126_894845526005025_1392927660314038832_n.jpg?stp=dst-jpg_e0_s150x150_tt6&_nc_ht=scontent-ham3-1.cdninstagram.com&_nc_cat=109&_nc_ohc=y37tH0e1B0kQ7kNvgEUGJTM&_nc_gid=15824607584442ea9d657afa424ffd1e&edm=AId3EpQBAAAA&ccb=7-5&oh=00_AYDR1hxFdM4vWkWlyVUXia-OOmXmXK-T7DgRUYsfdrpEBA&oe=67A37710&_nc_sid=f5838a","his_7_am","https://scontent-ham3-1.cdninstagram.com/v/t51.2885-19/452135126_894845526005025_1392927660314038832_n.jpg?stp=dst-jpg_e0_s150x150_tt6&_nc_ht=scontent-ham3-1.cdninstagram.com&_nc_cat=109&_nc_ohc=y37tH0e1B0kQ7kNvgEUGJTM&_nc_gid=15824607584442ea9d657afa424ffd1e&edm=AId3EpQBAAAA&ccb=7-5&oh=00_AYDR1hxFdM4vWkWlyVUXia-OOmXmXK-T7DgRUYsfdrpEBA&oe=67A37710&_nc_sid=f5838a","his_7_am","https://www.instagram.com/p/DB0FsiTSmal/?igsh=OTF6bjc2NHpoenBl","0","This song and lalettan entry in teatere 🫡🔥🔥","2024-11-02T05:54:44.000Z"
"18050417173632255","310",,,,,,,,,,,,,"17841407384095928","ajai rK ⚝⚘","7327430136","true","false","false","0","3477801826465793062","https://scontent-ham3-1.cdninstagram.com/v/t51.2885-19/462744067_3942359585993405_8355304801303295870_n.jpg?stp=dst-jpg_e0_s150x150_tt6&_nc_ht=scontent-ham3-1.cdninstagram.com&_nc_cat=105&_nc_ohc=3NwdOiJzr_UQ7kNvgEncxsA&_nc_gid=d4e07c818df64c56a671295c3f39e1bf&edm=AId3EpQBAAAA&ccb=7-5&oh=00_AYBu-pLZzkqkq_n-pERlGD0kFikb2XHUTZGOgYbqqprW-g&oe=67A39540&_nc_sid=f5838a","macbacpro","https://scontent-ham3-1.cdninstagram.com/v/t51.2885-19/462744067_3942359585993405_8355304801303295870_n.jpg?stp=dst-jpg_e0_s150x150_tt6&_nc_ht=scontent-ham3-1.cdninstagram.com&_nc_cat=105&_nc_ohc=3NwdOiJzr_UQ7kNvgEncxsA&_nc_gid=d4e07c818df64c56a671295c3f39e1bf&edm=AId3EpQBAAAA&ccb=7-5&oh=00_AYBu-pLZzkqkq_n-pERlGD0kFikb2XHUTZGOgYbqqprW-g&oe=67A39540&_nc_sid=f5838a","macbacpro","https://www.instagram.com/p/C7BegsrPz2N/?igsh=MWMwc3NndXJ4emViag==","0","Superb 🔥ശെരിക്കും ചിരിച്ചു മറിഞ്ഞു 😍😍😍പ്രിത്വി ✨ബേസിൽ","2024-05-16T08:54:49.000Z"
"18028672387891954","26",,,,,,,,,,,,,"17841405429660876","Adarsh S Krishna","5447012988","true","false","false","0","3308109913250427606","https://scontent-ham3-1.cdninstagram.com/v/t51.2885-19/429150931_1782254725582868_2162030733269344918_n.jpg?stp=dst-jpg_e0_s150x150_tt6&_nc_ht=scontent-ham3-1.cdninstagram.com&_nc_cat=108&_nc_ohc=vcD1Gr_ZYpgQ7kNvgGDJhDt&_nc_gid=d4e07c818df64c56a671295c3f39e1bf&edm=AId3EpQBAAAA&ccb=7-5&oh=00_AYBIjo1gLcc5Jtkz_bjggEsBjrTyCF4lrB37PDsXcf0Vwg&oe=67A38CC6&_nc_sid=f5838a","adarsh_s_krishna","https://scontent-ham3-1.cdninstagram.com/v/t51.2885-19/429150931_1782254725582868_2162030733269344918_n.jpg?stp=dst-jpg_e0_s150x150_tt6&_nc_ht=scontent-ham3-1.cdninstagram.com&_nc_cat=108&_nc_ohc=vcD1Gr_ZYpgQ7kNvgGDJhDt&_nc_gid=d4e07c818df64c56a671295c3f39e1bf&edm=AId3EpQBAAAA&ccb=7-5&oh=00_AYBIjo1gLcc5Jtkz_bjggEsBjrTyCF4lrB37PDsXcf0Vwg&oe=67A38CC6&_nc_sid=f5838a","adarsh_s_krishna","https://www.instagram.com/p/C7BegsrPz2N/?igsh=MWMwc3NndXJ4emViag==","3","A very interesting and engaging entertainer one😍🔥","2024-05-16T09:18:52.000Z"
"17912399423939343","1974",,,,,,,,,,,,,"17841421993754280","شانب🥤","21874245125","true","false","false","0","3485083430898114018","https://scontent-ham3-1.cdninstagram.com/v/t51.2885-19/464297095_1074367987483304_989325775174847119_n.jpg?stp=dst-jpg_e0_s150x150_tt6&_nc_ht=scontent-ham3-1.cdninstagram.com&_nc_cat=108&_nc_ohc=Lj_mlE76ffwQ7kNvgF3ezuD&_nc_gid=d4e07c818df64c56a671295c3f39e1bf&edm=AId3EpQBAAAA&ccb=7-5&oh=00_AYC76n0TI7HbSCKYapCBPbE4w424E-MJGGVsQcfTYcIzlw&oe=67A3A336&_nc_sid=f5838a","shanbeiiii","https://scontent-ham3-1.cdninstagram.com/v/t51.2885-19/464297095_1074367987483304_989325775174847119_n.jpg?stp=dst-jpg_e0_s150x150_tt6&_nc_ht=scontent-ham3-1.cdninstagram.com&_nc_cat=108&_nc_ohc=Lj_mlE76ffwQ7kNvgF3ezuD&_nc_gid=d4e07c818df64c56a671295c3f39e1bf&edm=AId3EpQBAAAA&ccb=7-5&oh=00_AYC76n0TI7HbSCKYapCBPbE4w424E-MJGGVsQcfTYcIzlw&oe=67A3A336&_nc_sid=f5838a","shanbeiiii","https://www.instagram.com/p/C7BegsrPz2N/?igsh=MWMwc3NndXJ4emViag==","2","ടീസറിലും വന്ന പ്രൊമോയിലും പൃഥ്വി ഓവർ ആണ് എന്ന് പറഞ്ഞവർക്കുള്ള മറുപടി ആണ് പടം🤌🏻🤣

ബേസിൽ പൃത്വി ഷോ🙌🏻🤣🔥","2024-05-16T08:55:10.000Z"
"18253842955223904","5",,,,,,,,,,,,,"17841445960994422","Bigg Boss Malayalam Season 7 ©","45875380033","true","false","false","0","3275301239508309483","https://scontent-ham3-1.cdninstagram.com/v/t51.2885-19/417399094_1395377714745839_7007341733631379573_n.jpg?stp=dst-jpg_e0_s150x150_tt6&_nc_ht=scontent-ham3-1.cdninstagram.com&_nc_cat=111&_nc_ohc=J_cjtRvxjvwQ7kNvgFpJprz&_nc_gid=d4e07c818df64c56a671295c3f39e1bf&edm=AId3EpQBAAAA&ccb=7-5&oh=00_AYBNRrg9k_0gWsMnM80x5I2en4_wngbQihKUZPe5TIWlhg&oe=67A38799&_nc_sid=f5838a","biggbossmalayalamanalyst","https://scontent-ham3-1.cdninstagram.com/v/t51.2885-19/417399094_1395377714745839_7007341733631379573_n.jpg?stp=dst-jpg_e0_s150x150_tt6&_nc_ht=scontent-ham3-1.cdninstagram.com&_nc_cat=111&_nc_ohc=J_cjtRvxjvwQ7kNvgFpJprz&_nc_gid=d4e07c818df64c56a671295c3f39e1bf&edm=AId3EpQBAAAA&ccb=7-5&oh=00_AYBNRrg9k_0gWsMnM80x5I2en4_wngbQihKUZPe5TIWlhg&oe=67A38799&_nc_sid=f5838a","biggbossmalayalamanalyst","https://www.instagram.com/p/C7BegsrPz2N/?igsh=MWMwc3NndXJ4emViag==","0","ചിരിച്ച് കൊറേ 🤣🤣🤣","2024-05-16T11:20:38.000Z"
"18439183261052323","50",,,,,,,,,,,,,"17841436195152246","HARIRAJ K R","36017974505","true","false","false","0","3123693300419851240","https://scontent-ham3-1.cdninstagram.com/v/t51.2885-19/352850169_788182479561891_2170996618148005055_n.jpg?stp=dst-jpg_e0_s150x150_tt6&_nc_ht=scontent-ham3-1.cdninstagram.com&_nc_cat=103&_nc_ohc=Tbi88EGHykoQ7kNvgEyNeUw&_nc_gid=d4e07c818df64c56a671295c3f39e1bf&edm=AId3EpQBAAAA&ccb=7-5&oh=00_AYCB5vSN63akBUwvOUiGM77n-Y0K3kkMgtO4wC76-QD9mw&oe=67A3846D&_nc_sid=f5838a","hari_raj_nair","https://scontent-ham3-1.cdninstagram.com/v/t51.2885-19/352850169_788182479561891_2170996618148005055_n.jpg?stp=dst-jpg_e0_s150x150_tt6&_nc_ht=scontent-ham3-1.cdninstagram.com&_nc_cat=103&_nc_ohc=Tbi88EGHykoQ7kNvgEyNeUw&_nc_gid=d4e07c818df64c56a671295c3f39e1bf&edm=AId3EpQBAAAA&ccb=7-5&oh=00_AYCB5vSN63akBUwvOUiGM77n-Y0K3kkMgtO4wC76-QD9mw&oe=67A3846D&_nc_sid=f5838a","hari_raj_nair","https://www.instagram.com/p/C7BegsrPz2N/?igsh=MWMwc3NndXJ4emViag==","0","Adipoli padam ❤️👍","2024-05-16T09:33:42.000Z"
"18028990024885725","1",,,,,,,,,,,,,"17841406718010180","Harinath K","6641439933","true","false","true","1738323739","3127366320866957764","https://scontent-ham3-1.cdninstagram.com/v/t51.2885-19/353842371_5916360805134757_5595568518851096151_n.jpg?stp=dst-jpg_e0_s150x150_tt6&_nc_ht=scontent-ham3-1.cdninstagram.com&_nc_cat=101&_nc_ohc=1klTsL2Xq88Q7kNvgE-KKmJ&_nc_gid=d4e07c818df64c56a671295c3f39e1bf&edm=AId3EpQBAAAA&ccb=7-5&oh=00_AYBnmqGDTUtdQlwg2MbDTTySxhRhl9Y3eG7ws87HrRdCOA&oe=67A372BC&_nc_sid=f5838a","hariiinath","https://scontent-ham3-1.cdninstagram.com/v/t51.2885-19/353842371_5916360805134757_5595568518851096151_n.jpg?stp=dst-jpg_e0_s150x150_tt6&_nc_ht=scontent-ham3-1.cdninstagram.com&_nc_cat=101&_nc_ohc=1klTsL2Xq88Q7kNvgE-KKmJ&_nc_gid=d4e07c818df64c56a671295c3f39e1bf&edm=AId3EpQBAAAA&ccb=7-5&oh=00_AYBnmqGDTUtdQlwg2MbDTTySxhRhl9Y3eG7ws87HrRdCOA&oe=67A372BC&_nc_sid=f5838a","hariiinath","https://www.instagram.com/p/C7BegsrPz2N/?igsh=MWMwc3NndXJ4emViag==","0","❤️❤️Kidu 👌👌","2024-05-19T09:58:10.000Z"
"18059099533522317","1",,,,,,,,,,,,,"17841400367616492","Sanjay Chilukuri","1695564253","true","true","false",,"3374777598754523645","https://scontent-ham3-1.cdninstagram.com/v/t51.2885-19/445574831_778964017677754_8493916964969290042_n.jpg?stp=dst-jpg_e0_s150x150_tt6&_nc_ht=scontent-ham3-1.cdninstagram.com&_nc_cat=110&_nc_ohc=Pn1fO2nEr6UQ7kNvgGAsOiI&_nc_gid=d4e07c818df64c56a671295c3f39e1bf&edm=AId3EpQBAAAA&ccb=7-5&oh=00_AYCuQETZCsZ1V3PhoRtg73k06rjMoLhTNu9LYXwyfL1zoA&oe=67A370BB&_nc_sid=f5838a","happy_sanjay_21","https://scontent-ham3-1.cdninstagram.com/v/t51.2885-19/445574831_778964017677754_8493916964969290042_n.jpg?stp=dst-jpg_e0_s150x150_tt6&_nc_ht=scontent-ham3-1.cdninstagram.com&_nc_cat=110&_nc_ohc=Pn1fO2nEr6UQ7kNvgGAsOiI&_nc_gid=d4e07c818df64c56a671295c3f39e1bf&edm=AId3EpQBAAAA&ccb=7-5&oh=00_AYCuQETZCsZ1V3PhoRtg73k06rjMoLhTNu9LYXwyfL1zoA&oe=67A370BB&_nc_sid=f5838a","happy_sanjay_21","https://www.instagram.com/p/C7BegsrPz2N/?igsh=MWMwc3NndXJ4emViag==","0","PLEASE RELEASE THIS MOVIE IN TELUGU 😍","2024-05-18T18:09:14.000Z"
"17964838250619557","7",,,,,,,,,,,,,"17841408573145352","ArJun AJith","8522821771","true","true","false",,"3495425768166056594","https://scontent-ham3-1.cdninstagram.com/v/t51.2885-19/465828566_571689522019072_3381811241283699392_n.jpg?stp=dst-jpg_e0_s150x150_tt6&_nc_ht=scontent-ham3-1.cdninstagram.com&_nc_cat=104&_nc_ohc=-n4wi2QOzpkQ7kNvgFNxF6F&_nc_gid=d4e07c818df64c56a671295c3f39e1bf&edm=AId3EpQBAAAA&ccb=7-5&oh=00_AYAhyxnojup2PCd9mH_8FlXSpX4-dpiqLerk2ubAPWK7bQ&oe=67A3859C&_nc_sid=f5838a","arjunajith4","https://scontent-ham3-1.cdninstagram.com/v/t51.2885-19/465828566_571689522019072_3381811241283699392_n.jpg?stp=dst-jpg_e0_s150x150_tt6&_nc_ht=scontent-ham3-1.cdninstagram.com&_nc_cat=104&_nc_ohc=-n4wi2QOzpkQ7kNvgFNxF6F&_nc_gid=d4e07c818df64c56a671295c3f39e1bf&edm=AId3EpQBAAAA&ccb=7-5&oh=00_AYAhyxnojup2PCd9mH_8FlXSpX4-dpiqLerk2ubAPWK7bQ&oe=67A3859C&_nc_sid=f5838a","arjunajith4","https://www.instagram.com/p/C7BegsrPz2N/?igsh=MWMwc3NndXJ4emViag==","0","Nice സിനിമ.. All the cast and crew did a good job. Entertainer👏👏👏","2024-05-16T09:48:37.000Z"
"18005066084588568","135",,,,,,,,,,,,,"17841403747715636","Aswal Puthren|Kozhikode To You","3805092923","true","false","true","1738387689","3195243961739528444","https://scontent-ham3-1.cdninstagram.com/v/t51.2885-19/378988676_143717798812328_4070357641608218393_n.jpg?stp=dst-jpg_e0_s150x150_tt6&_nc_ht=scontent-ham3-1.cdninstagram.com&_nc_cat=1&_nc_ohc=PeGFKWwpQyoQ7kNvgHYLFoA&_nc_gid=d4e07c818df64c56a671295c3f39e1bf&edm=AId3EpQBAAAA&ccb=7-5&oh=00_AYDWeYpvEnMVQGias-69pG8mAkLxTCqwUI8ffE2bpGrnRQ&oe=67A37687&_nc_sid=f5838a","kozhikode_to_you","https://scontent-ham3-1.cdninstagram.com/v/t51.2885-19/378988676_143717798812328_4070357641608218393_n.jpg?stp=dst-jpg_e0_s150x150_tt6&_nc_ht=scontent-ham3-1.cdninstagram.com&_nc_cat=1&_nc_ohc=PeGFKWwpQyoQ7kNvgHYLFoA&_nc_gid=d4e07c818df64c56a671295c3f39e1bf&edm=AId3EpQBAAAA&ccb=7-5&oh=00_AYDWeYpvEnMVQGias-69pG8mAkLxTCqwUI8ffE2bpGrnRQ&oe=67A37687&_nc_sid=f5838a","kozhikode_to_you","https://www.instagram.com/p/C7BegsrPz2N/?igsh=MWMwc3NndXJ4emViag==","2","❤️❤️❤️❤️❤️ movie kollam","2024-05-16T08:59:20.000Z"
"17921037716809886","43",,,,,,,,,,,,,"17841403575226158","Sanu Tirur","3409271174","true","true","false",,"3515022472556335937","https://scontent-ham3-1.cdninstagram.com/v/t51.2885-19/469179649_504641695958444_6606656391339161427_n.jpg?stp=dst-jpg_e0_s150x150_tt6&_nc_ht=scontent-ham3-1.cdninstagram.com&_nc_cat=108&_nc_ohc=q59xvFXG1jUQ7kNvgE628sE&_nc_gid=d4e07c818df64c56a671295c3f39e1bf&edm=AId3EpQBAAAA&ccb=7-5&oh=00_AYCttdeNbHmL0TEk37FXUUDEAkA2GZ3K57ejMtupkg6voA&oe=67A399FF&_nc_sid=f5838a","sanu_b4u","https://scontent-ham3-1.cdninstagram.com/v/t51.2885-19/469179649_504641695958444_6606656391339161427_n.jpg?stp=dst-jpg_e0_s150x150_tt6&_nc_ht=scontent-ham3-1.cdninstagram.com&_nc_cat=108&_nc_ohc=q59xvFXG1jUQ7kNvgE628sE&_nc_gid=d4e07c818df64c56a671295c3f39e1bf&edm=AId3EpQBAAAA&ccb=7-5&oh=00_AYCttdeNbHmL0TEk37FXUUDEAkA2GZ3K57ejMtupkg6voA&oe=67A399FF&_nc_sid=f5838a","sanu_b4u","https://www.instagram.com/p/C7BegsrPz2N/?igsh=MWMwc3NndXJ4emViag==","3","ഇജ്ജാതി 😂
പ്രീത്വി &ബേസിൽ 🤣👌
കിടിലം പടം ❤️😂
Next 100cr Club 🥰
ഫാമിലിസ് നു ചാകരയാണ് പടം 🤣🤗
വൈകിട്ട് ഒന്നൂടി പോണം ❤️😍","2024-05-16T14:16:09.000Z"
"18017728652266113","418",,,,,,,,,,,,,"17841402175691284","അനീഷ് എം വി","2170264523","true","false","false","1738341498","3378444596224209017","https://scontent-ham3-1.cdninstagram.com/v/t51.2885-19/446332408_7964496726902744_433583991860741151_n.jpg?stp=dst-jpg_e0_s150x150_tt6&_nc_ht=scontent-ham3-1.cdninstagram.com&_nc_cat=108&_nc_ohc=iTklyM94bn4Q7kNvgHNWltc&_nc_gid=d4e07c818df64c56a671295c3f39e1bf&edm=AId3EpQBAAAA&ccb=7-5&oh=00_AYBXxok5PknDAlFhEoLg3z9DOXWZ0GdKrqPXc8J-xUoMdg&oe=67A3738A&_nc_sid=f5838a","_____aneeeee","https://scontent-ham3-1.cdninstagram.com/v/t51.2885-19/446332408_7964496726902744_433583991860741151_n.jpg?stp=dst-jpg_e0_s150x150_tt6&_nc_ht=scontent-ham3-1.cdninstagram.com&_nc_cat=108&_nc_ohc=iTklyM94bn4Q7kNvgHNWltc&_nc_gid=d4e07c818df64c56a671295c3f39e1bf&edm=AId3EpQBAAAA&ccb=7-5&oh=00_AYBXxok5PknDAlFhEoLg3z9DOXWZ0GdKrqPXc8J-xUoMdg&oe=67A3738A&_nc_sid=f5838a","_____aneeeee","https://www.instagram.com/p/C7BegsrPz2N/?igsh=MWMwc3NndXJ4emViag==","0","ഒരുപാട് ചിരിച്ചു 🙌❤️😂its a good entertainer😍😘","2024-05-16T08:48:17.000Z"
"18049984501656987","1",,,,,,,,,,,,,"17841420799636216","Abina  avani","20689733321","true","false","false","1738321875","3517117587526773588","https://scontent-ham3-1.cdninstagram.com/v/t51.2885-19/469497976_423252040724404_6200908663910572090_n.jpg?stp=dst-jpg_e0_s150x150_tt6&_nc_ht=scontent-ham3-1.cdninstagram.com&_nc_cat=104&_nc_ohc=OzKIRah-bt4Q7kNvgFJNn2M&_nc_gid=d4e07c818df64c56a671295c3f39e1bf&edm=AId3EpQBAAAA&ccb=7-5&oh=00_AYC11FhmHEoBYpIUd03_kHvWzcLGN6Lbz7Ocjwegf0T1cw&oe=67A39D19&_nc_sid=f5838a","abinarb","https://scontent-ham3-1.cdninstagram.com/v/t51.2885-19/469497976_423252040724404_6200908663910572090_n.jpg?stp=dst-jpg_e0_s150x150_tt6&_nc_ht=scontent-ham3-1.cdninstagram.com&_nc_cat=104&_nc_ohc=OzKIRah-bt4Q7kNvgFJNn2M&_nc_gid=d4e07c818df64c56a671295c3f39e1bf&edm=AId3EpQBAAAA&ccb=7-5&oh=00_AYC11FhmHEoBYpIUd03_kHvWzcLGN6Lbz7Ocjwegf0T1cw&oe=67A39D19&_nc_sid=f5838a","abinarb","https://www.instagram.com/p/C7BegsrPz2N/?igsh=MWMwc3NndXJ4emViag==","0","👌👌👌 ചിരിച്ച് ചാവും 🤣","2024-05-18T16:51:27.000Z"
"18005063117292567","823",,,,,,,,,,,,,"17841408308704324","ᴀᴅᴀʀꜱʜ.ꜱ","8354604956","true","false","false","1738382304","3555563177826127127","https://scontent-ham3-1.cdninstagram.com/v/t51.2885-19/475435399_1538321443497460_3618109781610698322_n.jpg?stp=dst-jpg_e0_s150x150_tt6&_nc_ht=scontent-ham3-1.cdninstagram.com&_nc_cat=104&_nc_ohc=5KDId1oVIYkQ7kNvgG3tk3M&_nc_gid=d4e07c818df64c56a671295c3f39e1bf&edm=AId3EpQBAAAA&ccb=7-5&oh=00_AYDLZt3hSnitTT1UCwfufqSv9QpdtaH4gDRa07o5CQ7tUA&oe=67A37120&_nc_sid=f5838a","i.arsh_s","https://scontent-ham3-1.cdninstagram.com/v/t51.2885-19/475435399_1538321443497460_3618109781610698322_n.jpg?stp=dst-jpg_e0_s150x150_tt6&_nc_ht=scontent-ham3-1.cdninstagram.com&_nc_cat=104&_nc_ohc=5KDId1oVIYkQ7kNvgG3tk3M&_nc_gid=d4e07c818df64c56a671295c3f39e1bf&edm=AId3EpQBAAAA&ccb=7-5&oh=00_AYDLZt3hSnitTT1UCwfufqSv9QpdtaH4gDRa07o5CQ7tUA&oe=67A37120&_nc_sid=f5838a","i.arsh_s","https://www.instagram.com/p/C7BegsrPz2N/?igsh=MWMwc3NndXJ4emViag==","2","Man with No Safe Zone!
CINEMA is his Safe Zone!👑

I repeat! നമ്മുക്ക് ആകെ ഒരു പൃഥ്വിരാജ് അല്ലേ ഉള്ളു!","2024-05-16T08:56:04.000Z"
"18033682642816004","477",,,,,,,,,,,,,"17841424012111648","Arsha CJ","24173184403","false","true","false",,"2942239621761197362","https://scontent-ham3-1.cdninstagram.com/v/t51.2885-19/310876610_1114432742524967_8036807038038290067_n.jpg?stp=dst-jpg_e0_s150x150_tt6&_nc_ht=scontent-ham3-1.cdninstagram.com&_nc_cat=111&_nc_ohc=vmRrt9BK4cwQ7kNvgH4iXXm&_nc_gid=d4e07c818df64c56a671295c3f39e1bf&edm=AId3EpQBAAAA&ccb=7-5&oh=00_AYCUSdb3kOm1sieWhI4PtuuYA_ZoxoaNd4G59jT5Q5ANsw&oe=67A382DD&_nc_sid=f5838a","arshacj","https://scontent-ham3-1.cdninstagram.com/v/t51.2885-19/310876610_1114432742524967_8036807038038290067_n.jpg?stp=dst-jpg_e0_s150x150_tt6&_nc_ht=scontent-ham3-1.cdninstagram.com&_nc_cat=111&_nc_ohc=vmRrt9BK4cwQ7kNvgH4iXXm&_nc_gid=d4e07c818df64c56a671295c3f39e1bf&edm=AId3EpQBAAAA&ccb=7-5&oh=00_AYCUSdb3kOm1sieWhI4PtuuYA_ZoxoaNd4G59jT5Q5ANsw&oe=67A382DD&_nc_sid=f5838a","arshacj","https://www.instagram.com/p/C7BegsrPz2N/?igsh=MWMwc3NndXJ4emViag==","8","ചിരിച്ച് ചിരിച്ച്  ചത്ത് 😆","2024-05-16T08:46:13.000Z"
"18029656301049800","1",,,,,,,,,,,,,"17841409880782164","ajitha naduvath","9937321359","false","false","false","1738335417","3317499861062128352","https://scontent-ham3-1.cdninstagram.com/v/t51.2885-19/431780113_756157053133502_9092608608844109204_n.jpg?stp=dst-jpg_e0_s150x150_tt6&_nc_ht=scontent-ham3-1.cdninstagram.com&_nc_cat=102&_nc_ohc=nMZzr5y3HWIQ7kNvgGxnJGr&_nc_gid=d4e07c818df64c56a671295c3f39e1bf&edm=AId3EpQBAAAA&ccb=7-5&oh=00_AYBzm66-ZTLUZTRzn2XUjPpo2e35OhFMEsEceL4CeKszfQ&oe=67A39CE2&_nc_sid=f5838a","ajitha426","https://scontent-ham3-1.cdninstagram.com/v/t51.2885-19/431780113_756157053133502_9092608608844109204_n.jpg?stp=dst-jpg_e0_s150x150_tt6&_nc_ht=scontent-ham3-1.cdninstagram.com&_nc_cat=102&_nc_ohc=nMZzr5y3HWIQ7kNvgGxnJGr&_nc_gid=d4e07c818df64c56a671295c3f39e1bf&edm=AId3EpQBAAAA&ccb=7-5&oh=00_AYBzm66-ZTLUZTRzn2XUjPpo2e35OhFMEsEceL4CeKszfQ&oe=67A39CE2&_nc_sid=f5838a","ajitha426","https://www.instagram.com/p/C7BegsrPz2N/?igsh=MWMwc3NndXJ4emViag==","0","Super entertainer❤️❤️❤️❤️❤️❤️❤️❤️","2024-05-18T08:17:25.000Z"
