id,likesCount,media,owner,ownerProfilePicUrl,ownerUsername,postUrl,replies,repliesCount,text,timestamp
18048495596122567,3160,,"{'fbid_v2': 17841405843302464, 'full_name': 'Tom', 'id': '5939714776', 'is_mentionable': True, 'is_private': False, 'is_verified': False, 'latest_reel_media': 0, 'profile_pic_id': '3345972440155159475', 'profile_pic_url': 'https://scontent-dus1-1.cdninstagram.com/v/t51.2885-19/438686636_1357475661581304_1193995890581421186_n.jpg?stp=dst-jpg_e0_s150x150_tt6&_nc_ht=scontent-dus1-1.cdninstagram.com&_nc_cat=100&_nc_oc=Q6cZ2AHe1reokzN1059RT1u_ijbNGDqdDWy3RC8pOEWs7iTBTzfFEmGGktheXSM4oLrY6c4&_nc_ohc=SZCtWSsCd-QQ7kNvgFDLl_F&_nc_gid=262f3ee2229643078b238ded968ddb38&edm=AId3EpQBAAAA&ccb=7-5&oh=00_AYDIzxJ_nNa_keXxIwWCXTFFOnCrK8qRTUYe4gyuzl8b7w&oe=67B4EEA6&_nc_sid=f5838a', 'username': 'sprucecobra'}",https://scontent-dus1-1.cdninstagram.com/v/t51.2885-19/438686636_1357475661581304_1193995890581421186_n.jpg?stp=dst-jpg_e0_s150x150_tt6&_nc_ht=scontent-dus1-1.cdninstagram.com&_nc_cat=100&_nc_oc=Q6cZ2AHe1reokzN1059RT1u_ijbNGDqdDWy3RC8pOEWs7iTBTzfFEmGGktheXSM4oLrY6c4&_nc_ohc=SZCtWSsCd-QQ7kNvgFDLl_F&_nc_gid=262f3ee2229643078b238ded968ddb38&edm=AId3EpQBAAAA&ccb=7-5&oh=00_AYDIzxJ_nNa_keXxIwWCXTFFOnCrK8qRTUYe4gyuzl8b7w&oe=67B4EEA6&_nc_sid=f5838a,sprucecobra,https://www.instagram.com/p/DDvIyoVBIoT/,[],139,We do NOT want logan paul,2024-12-18T22:30:37.000Z
17961528632838521,235,,"{'fbid_v2': 17841400593843896, 'full_name': '1100', 'id': '1529427794', 'is_mentionable': True, 'is_private': False, 'is_verified': True, 'latest_reel_media': 0, 'profile_pic_id': '3495002125130395337', 'profile_pic_url': 'https://scontent-dus1-1.cdninstagram.com/v/t51.2885-19/465539087_1257335155467662_3306572392692824416_n.jpg?stp=dst-jpg_e0_s150x150_tt6&_nc_ht=scontent-dus1-1.cdninstagram.com&_nc_cat=102&_nc_oc=Q6cZ2AHe1reokzN1059RT1u_ijbNGDqdDWy3RC8pOEWs7iTBTzfFEmGGktheXSM4oLrY6c4&_nc_ohc=ExRI0ZjXmUIQ7kNvgFsUAIs&_nc_gid=262f3ee2229643078b238ded968ddb38&edm=AId3EpQBAAAA&ccb=7-5&oh=00_AYAY61CDMTq-p0b0ugNRg_npm89UaYv4QP6jBCgKQKxZAw&oe=67B4E722&_nc_sid=f5838a', 'username': 'killjasper'}",https://scontent-dus1-1.cdninstagram.com/v/t51.2885-19/465539087_1257335155467662_3306572392692824416_n.jpg?stp=dst-jpg_e0_s150x150_tt6&_nc_ht=scontent-dus1-1.cdninstagram.com&_nc_cat=102&_nc_oc=Q6cZ2AHe1reokzN1059RT1u_ijbNGDqdDWy3RC8pOEWs7iTBTzfFEmGGktheXSM4oLrY6c4&_nc_ohc=ExRI0ZjXmUIQ7kNvgFsUAIs&_nc_gid=262f3ee2229643078b238ded968ddb38&edm=AId3EpQBAAAA&ccb=7-5&oh=00_AYAY61CDMTq-p0b0ugNRg_npm89UaYv4QP6jBCgKQKxZAw&oe=67B4E722&_nc_sid=f5838a,killjasper,https://www.instagram.com/p/DDvIyoVBIoT/,[],16,I love when Logan goes in raw‚ÄºÔ∏è‚ÄºÔ∏è,2024-12-18T22:41:26.000Z
18194107810306112,878,,"{'fbid_v2': 17841402592076972, 'full_name': 'Andres Castillo', 'id': '2535782402', 'is_mentionable': True, 'is_private': False, 'is_verified': False, 'latest_reel_media': 1739521816, 'profile_pic_id': '3539893905078535528', 'profile_pic_url': 'https://scontent-dus1-1.cdninstagram.com/v/t51.2885-19/472483424_1137681384653325_5941553656238800611_n.jpg?stp=dst-jpg_e0_s150x150_tt6&_nc_ht=scontent-dus1-1.cdninstagram.com&_nc_cat=109&_nc_oc=Q6cZ2AHe1reokzN1059RT1u_ijbNGDqdDWy3RC8pOEWs7iTBTzfFEmGGktheXSM4oLrY6c4&_nc_ohc=mFL1nQFO3cIQ7kNvgGDSKms&_nc_gid=262f3ee2229643078b238ded968ddb38&edm=AId3EpQBAAAA&ccb=7-5&oh=00_AYAZK3tVaUEX--9zgwk65fC2F4P54jlakXN3CQfNRzKIEw&oe=67B4DE27&_nc_sid=f5838a', 'username': 'andor_robotnik'}",https://scontent-dus1-1.cdninstagram.com/v/t51.2885-19/472483424_1137681384653325_5941553656238800611_n.jpg?stp=dst-jpg_e0_s150x150_tt6&_nc_ht=scontent-dus1-1.cdninstagram.com&_nc_cat=109&_nc_oc=Q6cZ2AHe1reokzN1059RT1u_ijbNGDqdDWy3RC8pOEWs7iTBTzfFEmGGktheXSM4oLrY6c4&_nc_ohc=mFL1nQFO3cIQ7kNvgGDSKms&_nc_gid=262f3ee2229643078b238ded968ddb38&edm=AId3EpQBAAAA&ccb=7-5&oh=00_AYAZK3tVaUEX--9zgwk65fC2F4P54jlakXN3CQfNRzKIEw&oe=67B4DE27&_nc_sid=f5838a,andor_robotnik,https://www.instagram.com/p/DDvIyoVBIoT/,[],46,The match for the bathroom break,2024-12-18T22:33:18.000Z
17904197793083313,10,,"{'fbid_v2': 17841440553775032, 'full_name': 'Tony Tone', 'id': '40440263792', 'is_mentionable': True, 'is_private': True, 'is_verified': False, 'profile_pic_id': '3544848154795193434', 'profile_pic_url': 'https://scontent-dus1-1.cdninstagram.com/v/t51.2885-19/472572007_1705723817029969_1814113203558059919_n.jpg?stp=dst-jpg_e0_s150x150_tt6&_nc_ht=scontent-dus1-1.cdninstagram.com&_nc_cat=101&_nc_oc=Q6cZ2AHe1reokzN1059RT1u_ijbNGDqdDWy3RC8pOEWs7iTBTzfFEmGGktheXSM4oLrY6c4&_nc_ohc=3K45UZfuutYQ7kNvgH1NeNt&_nc_gid=262f3ee2229643078b238ded968ddb38&edm=AId3EpQBAAAA&ccb=7-5&oh=00_AYCEIte0Ew--DZGgZc3Flmr7wQ-8qu71Ij5XX6OlNPaVcA&oe=67B4BC90&_nc_sid=f5838a', 'username': 'just_tony__'}",https://scontent-dus1-1.cdninstagram.com/v/t51.2885-19/472572007_1705723817029969_1814113203558059919_n.jpg?stp=dst-jpg_e0_s150x150_tt6&_nc_ht=scontent-dus1-1.cdninstagram.com&_nc_cat=101&_nc_oc=Q6cZ2AHe1reokzN1059RT1u_ijbNGDqdDWy3RC8pOEWs7iTBTzfFEmGGktheXSM4oLrY6c4&_nc_ohc=3K45UZfuutYQ7kNvgH1NeNt&_nc_gid=262f3ee2229643078b238ded968ddb38&edm=AId3EpQBAAAA&ccb=7-5&oh=00_AYCEIte0Ew--DZGgZc3Flmr7wQ-8qu71Ij5XX6OlNPaVcA&oe=67B4BC90&_nc_sid=f5838a,just_tony__,https://www.instagram.com/p/DDvIyoVBIoT/,[],2,Him again lord give it up,2024-12-19T15:22:57.000Z
18050289785076760,742,,"{'fbid_v2': 17841439485884692, 'full_name': 'Elmer Granados', 'id': '39397532196', 'is_mentionable': True, 'is_private': False, 'is_verified': False, 'latest_reel_media': 0, 'profile_pic_id': '3528048985941851929', 'profile_pic_url': 'https://scontent-dus1-1.cdninstagram.com/v/t51.2885-19/471313060_2824368241099161_3036959230289552232_n.jpg?stp=dst-jpg_e0_s150x150_tt6&_nc_ht=scontent-dus1-1.cdninstagram.com&_nc_cat=109&_nc_oc=Q6cZ2AHe1reokzN1059RT1u_ijbNGDqdDWy3RC8pOEWs7iTBTzfFEmGGktheXSM4oLrY6c4&_nc_ohc=jAGVO3yU6PgQ7kNvgH5HLz8&_nc_gid=262f3ee2229643078b238ded968ddb38&edm=AId3EpQBAAAA&ccb=7-5&oh=00_AYAz77oJJhckFHFG0ih0bSk_iOsoZ6hNNmtdaIyGaKluLw&oe=67B4DB59&_nc_sid=f5838a', 'username': 'rexdg_012'}",https://scontent-dus1-1.cdninstagram.com/v/t51.2885-19/471313060_2824368241099161_3036959230289552232_n.jpg?stp=dst-jpg_e0_s150x150_tt6&_nc_ht=scontent-dus1-1.cdninstagram.com&_nc_cat=109&_nc_oc=Q6cZ2AHe1reokzN1059RT1u_ijbNGDqdDWy3RC8pOEWs7iTBTzfFEmGGktheXSM4oLrY6c4&_nc_ohc=jAGVO3yU6PgQ7kNvgH5HLz8&_nc_gid=262f3ee2229643078b238ded968ddb38&edm=AId3EpQBAAAA&ccb=7-5&oh=00_AYAz77oJJhckFHFG0ih0bSk_iOsoZ6hNNmtdaIyGaKluLw&oe=67B4DB59&_nc_sid=f5838a,rexdg_012,https://www.instagram.com/p/DDvIyoVBIoT/,[],42,This guy again?,2024-12-18T22:30:46.000Z
18089800018543323,1594,,"{'fbid_v2': 17841407136897752, 'full_name': 'Sebastian | Online Fitness Coach', 'id': '7102029896', 'is_mentionable': True, 'is_private': False, 'is_verified': False, 'latest_reel_media': 1739489797, 'profile_pic_id': '3532596533989767398', 'profile_pic_url': 'https://scontent-waw2-2.cdninstagram.com/v/t51.2885-19/471938054_1575923193289853_53940704957100942_n.jpg?stp=dst-jpg_e0_s150x150_tt6&_nc_ht=scontent-waw2-2.cdninstagram.com&_nc_cat=105&_nc_oc=Q6cZ2AGPBas4UNU5Kz1TFMZH6Ey411iheX0ATuyPHcC671FdE4LHelJvczwc6dHKJlocxz4&_nc_ohc=IQ87TIwdQXEQ7kNvgHoNTjy&_nc_gid=c7512363997c42b8919a56ad92709b68&edm=AId3EpQBAAAA&ccb=7-5&oh=00_AYDMZQR8fAB0eBT-nvijcAFAWkw3x2yTPT0tw_NiRcs6Og&oe=67B4D037&_nc_sid=f5838a', 'username': 'buitrago1sebastian'}",https://scontent-waw2-2.cdninstagram.com/v/t51.2885-19/471938054_1575923193289853_53940704957100942_n.jpg?stp=dst-jpg_e0_s150x150_tt6&_nc_ht=scontent-waw2-2.cdninstagram.com&_nc_cat=105&_nc_oc=Q6cZ2AGPBas4UNU5Kz1TFMZH6Ey411iheX0ATuyPHcC671FdE4LHelJvczwc6dHKJlocxz4&_nc_ohc=IQ87TIwdQXEQ7kNvgHoNTjy&_nc_gid=c7512363997c42b8919a56ad92709b68&edm=AId3EpQBAAAA&ccb=7-5&oh=00_AYDMZQR8fAB0eBT-nvijcAFAWkw3x2yTPT0tw_NiRcs6Og&oe=67B4D037&_nc_sid=f5838a,buitrago1sebastian,https://www.instagram.com/p/DFYJjTvpr-9/,[],1,Damn rent was due üò≠üôè,2025-01-28T19:09:10.000Z
17956935170858285,1857,,"{'fbid_v2': 17841401893693048, 'full_name': 'Chuk Enekwechi, OLY', 'id': '195071123', 'is_mentionable': True, 'is_private': False, 'is_verified': True, 'latest_reel_media': 0, 'profile_pic_id': '3427800661123919626', 'profile_pic_url': 'https://scontent-waw2-2.cdninstagram.com/v/t51.2885-19/453643494_1215868166110875_5510250874905250264_n.jpg?stp=dst-jpg_e0_s150x150_tt6&_nc_ht=scontent-waw2-2.cdninstagram.com&_nc_cat=103&_nc_oc=Q6cZ2AGPBas4UNU5Kz1TFMZH6Ey411iheX0ATuyPHcC671FdE4LHelJvczwc6dHKJlocxz4&_nc_ohc=WHFpY8rDi74Q7kNvgHTZWNT&_nc_gid=c7512363997c42b8919a56ad92709b68&edm=AId3EpQBAAAA&ccb=7-5&oh=00_AYCaaZJ4tjPGnVoD6BYGZ6aorgI9UWuB-YgpPaVEUgvIgA&oe=67B4C03B&_nc_sid=f5838a', 'username': 'thechuksays'}",https://scontent-waw2-2.cdninstagram.com/v/t51.2885-19/453643494_1215868166110875_5510250874905250264_n.jpg?stp=dst-jpg_e0_s150x150_tt6&_nc_ht=scontent-waw2-2.cdninstagram.com&_nc_cat=103&_nc_oc=Q6cZ2AGPBas4UNU5Kz1TFMZH6Ey411iheX0ATuyPHcC671FdE4LHelJvczwc6dHKJlocxz4&_nc_ohc=WHFpY8rDi74Q7kNvgHTZWNT&_nc_gid=c7512363997c42b8919a56ad92709b68&edm=AId3EpQBAAAA&ccb=7-5&oh=00_AYCaaZJ4tjPGnVoD6BYGZ6aorgI9UWuB-YgpPaVEUgvIgA&oe=67B4C03B&_nc_sid=f5838a,thechuksays,https://www.instagram.com/p/DFYJjTvpr-9/,[],11,We will watch. We will regret watching,2025-01-28T18:27:03.000Z
18069084697812634,11611,,"{'fbid_v2': 17841401756847798, 'full_name': '¬£oRd', 'id': '1139130561', 'is_mentionable': True, 'is_private': True, 'is_verified': False, 'profile_pic_id': '3273001134516315407', 'profile_pic_url': 'https://scontent-waw2-2.cdninstagram.com/v/t51.2885-19/416370239_718488110379330_3037380164072371081_n.jpg?stp=dst-jpg_e0_s150x150_tt6&_nc_ht=scontent-waw2-2.cdninstagram.com&_nc_cat=106&_nc_oc=Q6cZ2AGPBas4UNU5Kz1TFMZH6Ey411iheX0ATuyPHcC671FdE4LHelJvczwc6dHKJlocxz4&_nc_ohc=l_i88c2mAaQQ7kNvgFWjpeU&_nc_gid=c7512363997c42b8919a56ad92709b68&edm=AId3EpQBAAAA&ccb=7-5&oh=00_AYD753KQZIbghv8leoy3lUlM1d9vU44yj7V0_fkvbRSPqQ&oe=67B4BE22&_nc_sid=f5838a', 'username': 'timothygthomas'}",https://scontent-waw2-2.cdninstagram.com/v/t51.2885-19/416370239_718488110379330_3037380164072371081_n.jpg?stp=dst-jpg_e0_s150x150_tt6&_nc_ht=scontent-waw2-2.cdninstagram.com&_nc_cat=106&_nc_oc=Q6cZ2AGPBas4UNU5Kz1TFMZH6Ey411iheX0ATuyPHcC671FdE4LHelJvczwc6dHKJlocxz4&_nc_ohc=l_i88c2mAaQQ7kNvgFWjpeU&_nc_gid=c7512363997c42b8919a56ad92709b68&edm=AId3EpQBAAAA&ccb=7-5&oh=00_AYD753KQZIbghv8leoy3lUlM1d9vU44yj7V0_fkvbRSPqQ&oe=67B4BE22&_nc_sid=f5838a,timothygthomas,https://www.instagram.com/p/DFYJjTvpr-9/,[],80,RIP boxingüïäÔ∏èüïäÔ∏è. Thank you ALI for all those great moment in boxingü•π we surely will miss that sport. Hello UFC..,2025-01-28T18:30:34.000Z
18140670064374705,8916,,"{'fbid_v2': 17841401655526464, 'full_name': 'S h a w nü¶¶', 'id': '413687184', 'is_mentionable': True, 'is_private': False, 'is_verified': False, 'latest_reel_media': 0, 'profile_pic_id': '3505250180217341983', 'profile_pic_url': 'https://scontent-waw2-2.cdninstagram.com/v/t51.2885-19/467573365_1164417981678171_8316013943032694082_n.jpg?stp=dst-jpg_e0_s150x150_tt6&_nc_ht=scontent-waw2-2.cdninstagram.com&_nc_cat=103&_nc_oc=Q6cZ2AGPBas4UNU5Kz1TFMZH6Ey411iheX0ATuyPHcC671FdE4LHelJvczwc6dHKJlocxz4&_nc_ohc=SBYy4LBB5R8Q7kNvgE707sP&_nc_gid=c7512363997c42b8919a56ad92709b68&edm=AId3EpQBAAAA&ccb=7-5&oh=00_AYBeQd-Bn8tWzG5eg3xSKXUnlQ0q6wIr0wdVoU_VfxiigA&oe=67B4CC5D&_nc_sid=f5838a', 'username': 'shawnkelleher5'}",https://scontent-waw2-2.cdninstagram.com/v/t51.2885-19/467573365_1164417981678171_8316013943032694082_n.jpg?stp=dst-jpg_e0_s150x150_tt6&_nc_ht=scontent-waw2-2.cdninstagram.com&_nc_cat=103&_nc_oc=Q6cZ2AGPBas4UNU5Kz1TFMZH6Ey411iheX0ATuyPHcC671FdE4LHelJvczwc6dHKJlocxz4&_nc_ohc=SBYy4LBB5R8Q7kNvgE707sP&_nc_gid=c7512363997c42b8919a56ad92709b68&edm=AId3EpQBAAAA&ccb=7-5&oh=00_AYBeQd-Bn8tWzG5eg3xSKXUnlQ0q6wIr0wdVoU_VfxiigA&oe=67B4CC5D&_nc_sid=f5838a,shawnkelleher5,https://www.instagram.com/p/DFYJjTvpr-9/,[],11,Just a button ‚Äî‚Äî‚Äî‚Äî‚Äî‚Äî‚Äî‚Äî‚Äî->,2025-01-28T17:24:09.000Z
18058523443978265,4020,,"{'fbid_v2': 17841401766344536, 'full_name': 'L iü¶çA$', 'id': '290362878', 'is_mentionable': True, 'is_private': False, 'is_verified': False, 'latest_reel_media': 1739496688, 'profile_pic_id': '2993962970431316314', 'profile_pic_url': 'https://scontent-waw2-2.cdninstagram.com/v/t51.2885-19/319955962_726054435517573_8814089878339772926_n.jpg?stp=dst-jpg_e0_s150x150_tt6&_nc_ht=scontent-waw2-2.cdninstagram.com&_nc_cat=1&_nc_oc=Q6cZ2AGPBas4UNU5Kz1TFMZH6Ey411iheX0ATuyPHcC671FdE4LHelJvczwc6dHKJlocxz4&_nc_ohc=K_6EOScmRLIQ7kNvgF1fQA6&_nc_gid=c7512363997c42b8919a56ad92709b68&edm=AId3EpQBAAAA&ccb=7-5&oh=00_AYAOiYm2Cd5vu70yq6uiqHNqY1WLvTl-xe51Ujrqmhn3LA&oe=67B4DD92&_nc_sid=f5838a', 'username': 'swole_li'}",https://scontent-waw2-2.cdninstagram.com/v/t51.2885-19/319955962_726054435517573_8814089878339772926_n.jpg?stp=dst-jpg_e0_s150x150_tt6&_nc_ht=scontent-waw2-2.cdninstagram.com&_nc_cat=1&_nc_oc=Q6cZ2AGPBas4UNU5Kz1TFMZH6Ey411iheX0ATuyPHcC671FdE4LHelJvczwc6dHKJlocxz4&_nc_ohc=K_6EOScmRLIQ7kNvgF1fQA6&_nc_gid=c7512363997c42b8919a56ad92709b68&edm=AId3EpQBAAAA&ccb=7-5&oh=00_AYAOiYm2Cd5vu70yq6uiqHNqY1WLvTl-xe51Ujrqmhn3LA&oe=67B4DD92&_nc_sid=f5838a,swole_li,https://www.instagram.com/p/DFYJjTvpr-9/,[],22,THE RIGGED FIGHT OF ALL RIGGED FIGHTS!!!üò≠üò≠,2025-01-28T17:47:46.000Z
17894348193119810,126,,"{'fbid_v2': 17841403002729934, 'full_name': 'üá®üá¥', 'id': '3119476090', 'is_mentionable': True, 'is_private': True, 'is_verified': False, 'profile_pic_id': '3498530754650755162', 'profile_pic_url': 'https://scontent-dus1-1.cdninstagram.com/v/t51.2885-19/466726219_410608835449929_3680503370369439230_n.jpg?stp=dst-jpg_e0_s150x150_tt6&_nc_ht=scontent-dus1-1.cdninstagram.com&_nc_cat=109&_nc_oc=Q6cZ2AFG1aeK8b5yLw_YNYu_psCIw33tHbexwMb46kjEOlBJxSGZtTTiBXdmrhbnHo1ZZZM&_nc_ohc=ucXJPeQlpmAQ7kNvgGPpBBS&_nc_gid=97a0049d07c24b83b23a9cd9850abe60&edm=AId3EpQBAAAA&ccb=7-5&oh=00_AYCQ1zNMEyVJknjK_yQajhm78OgS4a1Z8-_I26nB2PoxOA&oe=67B4C42E&_nc_sid=f5838a', 'username': 'kapo1k_'}",https://scontent-dus1-1.cdninstagram.com/v/t51.2885-19/466726219_410608835449929_3680503370369439230_n.jpg?stp=dst-jpg_e0_s150x150_tt6&_nc_ht=scontent-dus1-1.cdninstagram.com&_nc_cat=109&_nc_oc=Q6cZ2AFG1aeK8b5yLw_YNYu_psCIw33tHbexwMb46kjEOlBJxSGZtTTiBXdmrhbnHo1ZZZM&_nc_ohc=ucXJPeQlpmAQ7kNvgGPpBBS&_nc_gid=97a0049d07c24b83b23a9cd9850abe60&edm=AId3EpQBAAAA&ccb=7-5&oh=00_AYCQ1zNMEyVJknjK_yQajhm78OgS4a1Z8-_I26nB2PoxOA&oe=67B4C42E&_nc_sid=f5838a,kapo1k_,https://www.instagram.com/p/DF208O8Jn_s/,[],1,Mess with Messi the whole world coming after you,2025-02-14T00:55:39.000Z
18488178625040857,248,,"{'fbid_v2': 17841400518183186, 'full_name': 'Federico Nicolas!!', 'id': '1483921272', 'is_mentionable': False, 'is_private': True, 'is_verified': False, 'profile_pic_id': '3297928300973457257', 'profile_pic_url': 'https://scontent-dus1-1.cdninstagram.com/v/t51.2885-19/426175394_699938932351281_5535314897292684402_n.jpg?stp=dst-jpg_e0_s150x150_tt6&_nc_ht=scontent-dus1-1.cdninstagram.com&_nc_cat=109&_nc_oc=Q6cZ2AFG1aeK8b5yLw_YNYu_psCIw33tHbexwMb46kjEOlBJxSGZtTTiBXdmrhbnHo1ZZZM&_nc_ohc=f4HTk8umYwgQ7kNvgEyP3J9&_nc_gid=97a0049d07c24b83b23a9cd9850abe60&edm=AId3EpQBAAAA&ccb=7-5&oh=00_AYCTF7xneijQsYaD5rRVzx4I-aAYbuK2JspY9D5_2BS_PQ&oe=67B4C835&_nc_sid=f5838a', 'username': 'federo_033'}",https://scontent-dus1-1.cdninstagram.com/v/t51.2885-19/426175394_699938932351281_5535314897292684402_n.jpg?stp=dst-jpg_e0_s150x150_tt6&_nc_ht=scontent-dus1-1.cdninstagram.com&_nc_cat=109&_nc_oc=Q6cZ2AFG1aeK8b5yLw_YNYu_psCIw33tHbexwMb46kjEOlBJxSGZtTTiBXdmrhbnHo1ZZZM&_nc_ohc=f4HTk8umYwgQ7kNvgEyP3J9&_nc_gid=97a0049d07c24b83b23a9cd9850abe60&edm=AId3EpQBAAAA&ccb=7-5&oh=00_AYCTF7xneijQsYaD5rRVzx4I-aAYbuK2JspY9D5_2BS_PQ&oe=67B4C835&_nc_sid=f5838a,federo_033,https://www.instagram.com/p/DF208O8Jn_s/,[],0,Messi ‚ù§Ô∏è,2025-02-13T20:25:06.000Z
18056975258503446,60,,"{'fbid_v2': 17841451025811040, 'full_name': 'Tano', 'id': '50968324860', 'is_mentionable': True, 'is_private': True, 'is_verified': False, 'profile_pic_id': '3566007298318875445', 'profile_pic_url': 'https://scontent-dus1-1.cdninstagram.com/v/t51.2885-19/476887765_1153110646318733_6843184161987453160_n.jpg?stp=dst-jpg_e0_s150x150_tt6&_nc_ht=scontent-dus1-1.cdninstagram.com&_nc_cat=105&_nc_oc=Q6cZ2AFG1aeK8b5yLw_YNYu_psCIw33tHbexwMb46kjEOlBJxSGZtTTiBXdmrhbnHo1ZZZM&_nc_ohc=5zal6mNk7vUQ7kNvgE4Fu7c&_nc_gid=97a0049d07c24b83b23a9cd9850abe60&edm=AId3EpQBAAAA&ccb=7-5&oh=00_AYAyJaKg6FcrLmMOY-KT2I8y0bcDM5NoucO5vs7BfVkdEA&oe=67B4CE22&_nc_sid=f5838a', 'username': 'tano.pozzi'}",https://scontent-dus1-1.cdninstagram.com/v/t51.2885-19/476887765_1153110646318733_6843184161987453160_n.jpg?stp=dst-jpg_e0_s150x150_tt6&_nc_ht=scontent-dus1-1.cdninstagram.com&_nc_cat=105&_nc_oc=Q6cZ2AFG1aeK8b5yLw_YNYu_psCIw33tHbexwMb46kjEOlBJxSGZtTTiBXdmrhbnHo1ZZZM&_nc_ohc=5zal6mNk7vUQ7kNvgE4Fu7c&_nc_gid=97a0049d07c24b83b23a9cd9850abe60&edm=AId3EpQBAAAA&ccb=7-5&oh=00_AYAyJaKg6FcrLmMOY-KT2I8y0bcDM5NoucO5vs7BfVkdEA&oe=67B4CE22&_nc_sid=f5838a,tano.pozzi,https://www.instagram.com/p/DF208O8Jn_s/,[],0,MESSI üá¶üá∑üá¶üá∑üá¶üá∑üá¶üá∑üá¶üá∑üá¶üá∑üá¶üá∑üá¶üá∑,2025-02-14T02:56:46.000Z
17895139797155126,311,,"{'fbid_v2': 17841417949423396, 'full_name': 'Ronal Hyto', 'id': '17787166314', 'is_mentionable': True, 'is_private': True, 'is_verified': False, 'profile_pic_id': '3326527238769366781', 'profile_pic_url': 'https://scontent-dus1-1.cdninstagram.com/v/t51.2885-19/434037383_1905121913280124_3639597626707291515_n.jpg?stp=dst-jpg_e0_s150x150_tt6&_nc_ht=scontent-dus1-1.cdninstagram.com&_nc_cat=104&_nc_oc=Q6cZ2AFG1aeK8b5yLw_YNYu_psCIw33tHbexwMb46kjEOlBJxSGZtTTiBXdmrhbnHo1ZZZM&_nc_ohc=R-_eKJ1Z8ekQ7kNvgHe8cmM&_nc_gid=97a0049d07c24b83b23a9cd9850abe60&edm=AId3EpQBAAAA&ccb=7-5&oh=00_AYDjGEAqblfUu_78iFshff_NX31GRwg8hDWXITuHW8DqBw&oe=67B4B9C7&_nc_sid=f5838a', 'username': 'luan1234j'}",https://scontent-dus1-1.cdninstagram.com/v/t51.2885-19/434037383_1905121913280124_3639597626707291515_n.jpg?stp=dst-jpg_e0_s150x150_tt6&_nc_ht=scontent-dus1-1.cdninstagram.com&_nc_cat=104&_nc_oc=Q6cZ2AFG1aeK8b5yLw_YNYu_psCIw33tHbexwMb46kjEOlBJxSGZtTTiBXdmrhbnHo1ZZZM&_nc_ohc=R-_eKJ1Z8ekQ7kNvgHe8cmM&_nc_gid=97a0049d07c24b83b23a9cd9850abe60&edm=AId3EpQBAAAA&ccb=7-5&oh=00_AYDjGEAqblfUu_78iFshff_NX31GRwg8hDWXITuHW8DqBw&oe=67B4B9C7&_nc_sid=f5838a,luan1234j,https://www.instagram.com/p/DF208O8Jn_s/,[],0,Messi>>> logan,2025-02-13T19:00:14.000Z
18062010304932687,349,,"{'fbid_v2': 17841406795384404, 'full_name': 'ùôéùôùùô§ùô©ùôóùôÆùôüùôòùô°ùôûùô•ùôØ', 'id': '6915226512', 'is_mentionable': True, 'is_private': False, 'is_verified': False, 'latest_reel_media': 1739486530, 'profile_pic_id': '3231050844442775953', 'profile_pic_url': 'https://scontent-dus1-1.cdninstagram.com/v/t51.2885-19/399797424_283372198017441_4313903362556278886_n.jpg?stp=dst-jpg_e0_s150x150_tt6&_nc_ht=scontent-dus1-1.cdninstagram.com&_nc_cat=109&_nc_oc=Q6cZ2AFG1aeK8b5yLw_YNYu_psCIw33tHbexwMb46kjEOlBJxSGZtTTiBXdmrhbnHo1ZZZM&_nc_ohc=AyHL3phl_f4Q7kNvgFM56xS&_nc_gid=97a0049d07c24b83b23a9cd9850abe60&edm=AId3EpQBAAAA&ccb=7-5&oh=00_AYDchXYcPaBT_yXwR5TzPjL8GtRRCsbMTS7vK7HtvM-www&oe=67B4BF5E&_nc_sid=f5838a', 'username': 'jclipzofficial'}",https://scontent-dus1-1.cdninstagram.com/v/t51.2885-19/399797424_283372198017441_4313903362556278886_n.jpg?stp=dst-jpg_e0_s150x150_tt6&_nc_ht=scontent-dus1-1.cdninstagram.com&_nc_cat=109&_nc_oc=Q6cZ2AFG1aeK8b5yLw_YNYu_psCIw33tHbexwMb46kjEOlBJxSGZtTTiBXdmrhbnHo1ZZZM&_nc_ohc=AyHL3phl_f4Q7kNvgFM56xS&_nc_gid=97a0049d07c24b83b23a9cd9850abe60&edm=AId3EpQBAAAA&ccb=7-5&oh=00_AYDchXYcPaBT_yXwR5TzPjL8GtRRCsbMTS7vK7HtvM-www&oe=67B4BF5E&_nc_sid=f5838a,jclipzofficial,https://www.instagram.com/p/DF208O8Jn_s/,[],1,MESSI,2025-02-13T21:34:14.000Z
18051561530494393,80,,"{'fbid_v2': 17841401578420254, 'full_name': 'lprescott21', 'id': '16308614', 'is_mentionable': True, 'is_private': True, 'is_verified': False, 'profile_pic_id': '2993417642416968556', 'profile_pic_url': 'https://scontent-dus1-1.cdninstagram.com/v/t51.2885-19/319548863_1948907228773948_1966135542098082037_n.jpg?stp=dst-jpg_e0_s150x150_tt6&_nc_ht=scontent-dus1-1.cdninstagram.com&_nc_cat=104&_nc_oc=Q6cZ2AHft6CvbRJOdm7sStZqQVVSyakerbnrO0ZjCe2DaY5FrMo6wz9F6lyx9tLXvTMKp54&_nc_ohc=UpxUq85f6M4Q7kNvgG1Of3w&_nc_gid=697fa9a852d249639465ca3ce3a8fbd5&edm=AId3EpQBAAAA&ccb=7-5&oh=00_AYDx3oSjEuWwg6ZLZFTQ93M1Y1waQwb_Mzsq8cbLh-OG2w&oe=67B4ED21&_nc_sid=f5838a', 'username': 'lprescott21'}",https://scontent-dus1-1.cdninstagram.com/v/t51.2885-19/319548863_1948907228773948_1966135542098082037_n.jpg?stp=dst-jpg_e0_s150x150_tt6&_nc_ht=scontent-dus1-1.cdninstagram.com&_nc_cat=104&_nc_oc=Q6cZ2AHft6CvbRJOdm7sStZqQVVSyakerbnrO0ZjCe2DaY5FrMo6wz9F6lyx9tLXvTMKp54&_nc_ohc=UpxUq85f6M4Q7kNvgG1Of3w&_nc_gid=697fa9a852d249639465ca3ce3a8fbd5&edm=AId3EpQBAAAA&ccb=7-5&oh=00_AYDx3oSjEuWwg6ZLZFTQ93M1Y1waQwb_Mzsq8cbLh-OG2w&oe=67B4ED21&_nc_sid=f5838a,lprescott21,https://www.instagram.com/p/DEFgqSZp1ok/,[],0,Logan with the baby and Jake with the birdüòÇ,2024-12-28T00:57:27.000Z
18053609659952920,446,,"{'fbid_v2': 17841400292748700, 'full_name': 'Rob Meyer', 'id': '556809758', 'is_mentionable': True, 'is_private': True, 'is_verified': False, 'profile_pic_url': 'https://scontent-dus1-1.cdninstagram.com/v/t51.2885-19/10731439_752060698175820_973286735_a.jpg?stp=dst-jpg_e0_s150x150_tt6&_nc_ht=scontent-dus1-1.cdninstagram.com&_nc_cat=100&_nc_oc=Q6cZ2AHft6CvbRJOdm7sStZqQVVSyakerbnrO0ZjCe2DaY5FrMo6wz9F6lyx9tLXvTMKp54&_nc_ohc=h6xQCRoJK1sQ7kNvgFCob0T&_nc_gid=697fa9a852d249639465ca3ce3a8fbd5&edm=AId3EpQBAAAA&ccb=7-5&oh=00_AYAuGgFYTZXI9y_MaXZjdg2kEB0MilPCyj9-ol5kxFo-8w&oe=67B4D044&_nc_sid=f5838a', 'username': 'rm9164'}",https://scontent-dus1-1.cdninstagram.com/v/t51.2885-19/10731439_752060698175820_973286735_a.jpg?stp=dst-jpg_e0_s150x150_tt6&_nc_ht=scontent-dus1-1.cdninstagram.com&_nc_cat=100&_nc_oc=Q6cZ2AHft6CvbRJOdm7sStZqQVVSyakerbnrO0ZjCe2DaY5FrMo6wz9F6lyx9tLXvTMKp54&_nc_ohc=h6xQCRoJK1sQ7kNvgFCob0T&_nc_gid=697fa9a852d249639465ca3ce3a8fbd5&edm=AId3EpQBAAAA&ccb=7-5&oh=00_AYAuGgFYTZXI9y_MaXZjdg2kEB0MilPCyj9-ol5kxFo-8w&oe=67B4D044&_nc_sid=f5838a,rm9164,https://www.instagram.com/p/DEFgqSZp1ok/,"[{'id': '18016015406443170', 'text': '@rm9164 how insane, best gift ever', 'ownerUsername': 'loganpaul', 'ownerProfilePicUrl': 'https://scontent-dus1-1.cdninstagram.com/v/t51.2885-19/197843861_484607549464188_6667220083347634478_n.jpg?stp=dst-jpg_e0_s150x150_tt6&_nc_ht=scontent-dus1-1.cdninstagram.com&_nc_cat=1&_nc_oc=Q6cZ2AHft6CvbRJOdm7sStZqQVVSyakerbnrO0ZjCe2DaY5FrMo6wz9F6lyx9tLXvTMKp54&_nc_ohc=wfoxdn1TST8Q7kNvgFUPtBn&_nc_gid=697fa9a852d249639465ca3ce3a8fbd5&edm=AId3EpQBAAAA&ccb=7-5&oh=00_AYBgbvlOQmYRj9P_uE7RqgmVNZ1rWU0dcOhT4O2r4eJKWA&oe=67B4B8AC&_nc_sid=f5838a', 'timestamp': '2024-12-27T15:08:56.000Z', 'repliesCount': 0, 'replies': [], 'likesCount': 344, 'owner': {'fbid_v2': 17841400636817712, 'full_name': 'Logan Paul', 'id': '493525227', 'is_mentionable': False, 'is_private': False, 'is_verified': True, 'latest_reel_media': 0, 'profile_pic_id': '2590723952093888386', 'profile_pic_url': 'https://scontent-dus1-1.cdninstagram.com/v/t51.2885-19/197843861_484607549464188_6667220083347634478_n.jpg?stp=dst-jpg_e0_s150x150_tt6&_nc_ht=scontent-dus1-1.cdninstagram.com&_nc_cat=1&_nc_oc=Q6cZ2AHft6CvbRJOdm7sStZqQVVSyakerbnrO0ZjCe2DaY5FrMo6wz9F6lyx9tLXvTMKp54&_nc_ohc=wfoxdn1TST8Q7kNvgFUPtBn&_nc_gid=697fa9a852d249639465ca3ce3a8fbd5&edm=AId3EpQBAAAA&ccb=7-5&oh=00_AYBgbvlOQmYRj9P_uE7RqgmVNZ1rWU0dcOhT4O2r4eJKWA&oe=67B4B8AC&_nc_sid=f5838a', 'username': 'loganpaul'}}]",13,A Bob Ross Painting!,2024-12-27T15:05:01.000Z
18050185460485102,73,,"{'fbid_v2': 17841412436764200, 'full_name': 'Charles Cameron', 'id': '12433606558', 'is_mentionable': True, 'is_private': True, 'is_verified': False, 'profile_pic_id': '3500563275395746673', 'profile_pic_url': 'https://scontent-dus1-1.cdninstagram.com/v/t51.2885-19/466803999_2839141029579923_208438917291216593_n.jpg?stp=dst-jpg_e0_s150x150_tt6&_nc_ht=scontent-dus1-1.cdninstagram.com&_nc_cat=111&_nc_oc=Q6cZ2AHft6CvbRJOdm7sStZqQVVSyakerbnrO0ZjCe2DaY5FrMo6wz9F6lyx9tLXvTMKp54&_nc_ohc=9c6T7PRxcHIQ7kNvgG_N17Q&_nc_gid=697fa9a852d249639465ca3ce3a8fbd5&edm=AId3EpQBAAAA&ccb=7-5&oh=00_AYAimyXlfZOLVCU0E84huKG8bHAPvyaUP9XUp6txP6PyrQ&oe=67B4DC21&_nc_sid=f5838a', 'username': 'itz_acameron'}",https://scontent-dus1-1.cdninstagram.com/v/t51.2885-19/466803999_2839141029579923_208438917291216593_n.jpg?stp=dst-jpg_e0_s150x150_tt6&_nc_ht=scontent-dus1-1.cdninstagram.com&_nc_cat=111&_nc_oc=Q6cZ2AHft6CvbRJOdm7sStZqQVVSyakerbnrO0ZjCe2DaY5FrMo6wz9F6lyx9tLXvTMKp54&_nc_ohc=9c6T7PRxcHIQ7kNvgG_N17Q&_nc_gid=697fa9a852d249639465ca3ce3a8fbd5&edm=AId3EpQBAAAA&ccb=7-5&oh=00_AYAimyXlfZOLVCU0E84huKG8bHAPvyaUP9XUp6txP6PyrQ&oe=67B4DC21&_nc_sid=f5838a,itz_acameron,https://www.instagram.com/p/DEFgqSZp1ok/,[],4,Bob Ross painting is the best gift to ever receive I'm highly jealous üò≠üò≠üò≠üò≠,2024-12-27T15:10:54.000Z
18056648914768034,212,,"{'fbid_v2': 17841400804570872, 'full_name': 'Nattie Neidhart', 'id': '55834819', 'is_mentionable': True, 'is_private': False, 'is_verified': True, 'latest_reel_media': 1739498480, 'profile_pic_id': '3406511965061908884', 'profile_pic_url': 'https://scontent-dus1-1.cdninstagram.com/v/t51.2885-19/449872916_3793166290957054_2371256919932676975_n.jpg?stp=dst-jpg_e0_s150x150_tt6&_nc_ht=scontent-dus1-1.cdninstagram.com&_nc_cat=1&_nc_oc=Q6cZ2AHft6CvbRJOdm7sStZqQVVSyakerbnrO0ZjCe2DaY5FrMo6wz9F6lyx9tLXvTMKp54&_nc_ohc=3m90hzuEfpgQ7kNvgEYzImd&_nc_gid=697fa9a852d249639465ca3ce3a8fbd5&edm=AId3EpQBAAAA&ccb=7-5&oh=00_AYBmhm3vv1GBZb7ZAJFs6YZtHGUBNEY5CMY_hC7sOwUTvQ&oe=67B4EFDE&_nc_sid=f5838a', 'username': 'natbynature'}",https://scontent-dus1-1.cdninstagram.com/v/t51.2885-19/449872916_3793166290957054_2371256919932676975_n.jpg?stp=dst-jpg_e0_s150x150_tt6&_nc_ht=scontent-dus1-1.cdninstagram.com&_nc_cat=1&_nc_oc=Q6cZ2AHft6CvbRJOdm7sStZqQVVSyakerbnrO0ZjCe2DaY5FrMo6wz9F6lyx9tLXvTMKp54&_nc_ohc=3m90hzuEfpgQ7kNvgEYzImd&_nc_gid=697fa9a852d249639465ca3ce3a8fbd5&edm=AId3EpQBAAAA&ccb=7-5&oh=00_AYBmhm3vv1GBZb7ZAJFs6YZtHGUBNEY5CMY_hC7sOwUTvQ&oe=67B4EFDE&_nc_sid=f5838a,natbynature,https://www.instagram.com/p/DEFgqSZp1ok/,[],2,What a beautiful baby!,2024-12-27T16:44:27.000Z
17874231660246448,14,,"{'fbid_v2': 17841404035496980, 'full_name': 'Joseph Huber', 'id': '3975838516', 'is_mentionable': True, 'is_private': False, 'is_verified': False, 'latest_reel_media': 0, 'profile_pic_id': '2033958232438960652', 'profile_pic_url': 'https://scontent-dus1-1.cdninstagram.com/v/t51.2885-19/58684998_349976829057062_6589087067425210368_n.jpg?stp=dst-jpg_e0_s150x150_tt6&_nc_ht=scontent-dus1-1.cdninstagram.com&_nc_cat=102&_nc_oc=Q6cZ2AHft6CvbRJOdm7sStZqQVVSyakerbnrO0ZjCe2DaY5FrMo6wz9F6lyx9tLXvTMKp54&_nc_ohc=teqNNplJgGIQ7kNvgF2L5X7&_nc_gid=697fa9a852d249639465ca3ce3a8fbd5&edm=AId3EpQBAAAA&ccb=7-5&oh=00_AYDkYBbDXeV-4VlUfM9fzunXWwxB_C71HPqUFiCeNMxCIw&oe=67B4CF4A&_nc_sid=f5838a', 'username': 'balorfan4ever'}",https://scontent-dus1-1.cdninstagram.com/v/t51.2885-19/58684998_349976829057062_6589087067425210368_n.jpg?stp=dst-jpg_e0_s150x150_tt6&_nc_ht=scontent-dus1-1.cdninstagram.com&_nc_cat=102&_nc_oc=Q6cZ2AHft6CvbRJOdm7sStZqQVVSyakerbnrO0ZjCe2DaY5FrMo6wz9F6lyx9tLXvTMKp54&_nc_ohc=teqNNplJgGIQ7kNvgF2L5X7&_nc_gid=697fa9a852d249639465ca3ce3a8fbd5&edm=AId3EpQBAAAA&ccb=7-5&oh=00_AYDkYBbDXeV-4VlUfM9fzunXWwxB_C71HPqUFiCeNMxCIw&oe=67B4CF4A&_nc_sid=f5838a,balorfan4ever,https://www.instagram.com/p/DEFgqSZp1ok/,[],0,Merry Christmas Happy New Year....Can't to see you on Raw on the 6th,2024-12-28T22:20:11.000Z
18349943638176765,130,"{'gif_media_id': 'WzR8zb0PN6bUmfz4DW', 'images': {'fixed_height': {'height': 200, 'mp4': 'https://media4.giphy.com/media/v1.Y2lkPWFlZWNjYzExOXRtOHc0eWw0eTBhdTliYXA2NnUxZmoyOHp2Y2E0ZXc0OWdsOWQwaCZlcD12MV9naWZzX2dpZklkJmN0PWc/WzR8zb0PN6bUmfz4DW/200.mp4', 'mp4_size': 185855, 'size': 785915, 'url': 'https://media4.giphy.com/media/v1.Y2lkPWFlZWNjYzExOXRtOHc0eWw0eTBhdTliYXA2NnUxZmoyOHp2Y2E0ZXc0OWdsOWQwaCZlcD12MV9naWZzX2dpZklkJmN0PWc/WzR8zb0PN6bUmfz4DW/200.gif', 'webp': 'https://media4.giphy.com/media/v1.Y2lkPWFlZWNjYzExOXRtOHc0eWw0eTBhdTliYXA2NnUxZmoyOHp2Y2E0ZXc0OWdsOWQwaCZlcD12MV9naWZzX2dpZklkJmN0PWc/WzR8zb0PN6bUmfz4DW/200.webp', 'webp_size': 365254, 'width': 266}}, 'is_sticker': False, 'title': 'World Cup Kiss GIF', 'username': ''}","{'fbid_v2': 17841406647420772, 'full_name': 'Nadia', 'id': '6646189580', 'is_mentionable': True, 'is_private': True, 'is_verified': False, 'profile_pic_id': '3389952956530214451', 'profile_pic_url': 'https://scontent-waw2-2.cdninstagram.com/v/t51.2885-19/448230321_1533781747488662_6983605448333143226_n.jpg?stp=dst-jpg_e0_s150x150_tt6&_nc_ht=scontent-waw2-2.cdninstagram.com&_nc_cat=102&_nc_oc=Q6cZ2AELMlBwCyW8oDPB_W5Be8TlhP1yCvD9umc1suB1RriWRhwZZHakxI-gTNU8VMUoBeA&_nc_ohc=EH3vlpJfEakQ7kNvgGADEPh&_nc_gid=7a67d3f53d8a432f871629aea5d8e8fe&edm=AId3EpQBAAAA&ccb=7-5&oh=00_AYD7-CAaZFlPlXgYf8ezxuqcKZjM9NZ14U3g9Imdwd1zGA&oe=67B4BABF&_nc_sid=f5838a', 'username': 'nadiasoledadcorrea'}",https://scontent-waw2-2.cdninstagram.com/v/t51.2885-19/448230321_1533781747488662_6983605448333143226_n.jpg?stp=dst-jpg_e0_s150x150_tt6&_nc_ht=scontent-waw2-2.cdninstagram.com&_nc_cat=102&_nc_oc=Q6cZ2AELMlBwCyW8oDPB_W5Be8TlhP1yCvD9umc1suB1RriWRhwZZHakxI-gTNU8VMUoBeA&_nc_ohc=EH3vlpJfEakQ7kNvgGADEPh&_nc_gid=7a67d3f53d8a432f871629aea5d8e8fe&edm=AId3EpQBAAAA&ccb=7-5&oh=00_AYD7-CAaZFlPlXgYf8ezxuqcKZjM9NZ14U3g9Imdwd1zGA&oe=67B4BABF&_nc_sid=f5838a,nadiasoledadcorrea,https://www.instagram.com/p/DFgLhEbhPC4/,[],0,,2025-02-13T18:43:43.000Z
18059166634978857,131,"{'gif_media_id': '7YjvlYIMRDcYM', 'images': {'fixed_height': {'height': 200, 'mp4': 'https://media1.giphy.com/media/v1.Y2lkPWFlZWNjYzExbG11ZnA2emU1bmU4amFiMWRqcXVzeDd5MG94eG9tMnJsY2htMGQwNCZlcD12MV9naWZzX2dpZklkJmN0PWc/7YjvlYIMRDcYM/200.mp4', 'mp4_size': 82754, 'size': 180931, 'url': 'https://media1.giphy.com/media/v1.Y2lkPWFlZWNjYzExbG11ZnA2emU1bmU4amFiMWRqcXVzeDd5MG94eG9tMnJsY2htMGQwNCZlcD12MV9naWZzX2dpZklkJmN0PWc/7YjvlYIMRDcYM/200.gif', 'webp': 'https://media1.giphy.com/media/v1.Y2lkPWFlZWNjYzExbG11ZnA2emU1bmU4amFiMWRqcXVzeDd5MG94eG9tMnJsY2htMGQwNCZlcD12MV9naWZzX2dpZklkJmN0PWc/7YjvlYIMRDcYM/200.webp', 'webp_size': 106004, 'width': 270}}, 'is_sticker': False, 'title': 'Lionel Messi Hello GIF', 'username': ''}","{'fbid_v2': 17841400805040566, 'full_name': 'ùêå ùêö ùê≠ ùêû ùê® ‚ö°Ô∏è', 'id': '1316250834', 'is_mentionable': True, 'is_private': True, 'is_verified': False, 'profile_pic_id': '3549795413235679959', 'profile_pic_url': 'https://scontent-waw2-2.cdninstagram.com/v/t51.2885-19/474517397_958841416311090_8967690862764071996_n.jpg?stp=dst-jpg_e0_s150x150_tt6&_nc_ht=scontent-waw2-2.cdninstagram.com&_nc_cat=106&_nc_oc=Q6cZ2AELMlBwCyW8oDPB_W5Be8TlhP1yCvD9umc1suB1RriWRhwZZHakxI-gTNU8VMUoBeA&_nc_ohc=M1gE7iL9ZOUQ7kNvgGc2zoa&_nc_gid=7a67d3f53d8a432f871629aea5d8e8fe&edm=AId3EpQBAAAA&ccb=7-5&oh=00_AYD--Au1FqVCa6KKBsfIrkK7cjCWpnfiSfXSwEIlmxX65A&oe=67B4CFE7&_nc_sid=f5838a', 'username': 'matebarranco14'}",https://scontent-waw2-2.cdninstagram.com/v/t51.2885-19/474517397_958841416311090_8967690862764071996_n.jpg?stp=dst-jpg_e0_s150x150_tt6&_nc_ht=scontent-waw2-2.cdninstagram.com&_nc_cat=106&_nc_oc=Q6cZ2AELMlBwCyW8oDPB_W5Be8TlhP1yCvD9umc1suB1RriWRhwZZHakxI-gTNU8VMUoBeA&_nc_ohc=M1gE7iL9ZOUQ7kNvgGc2zoa&_nc_gid=7a67d3f53d8a432f871629aea5d8e8fe&edm=AId3EpQBAAAA&ccb=7-5&oh=00_AYD--Au1FqVCa6KKBsfIrkK7cjCWpnfiSfXSwEIlmxX65A&oe=67B4CFE7&_nc_sid=f5838a,matebarranco14,https://www.instagram.com/p/DFgLhEbhPC4/,[],0,,2025-02-13T20:17:14.000Z
18027928976320042,5389,,"{'fbid_v2': 17841401872690260, 'full_name': 'Matt Radford', 'id': '16766423', 'is_mentionable': True, 'is_private': False, 'is_verified': False, 'latest_reel_media': 0, 'profile_pic_id': '2796242830970367388', 'profile_pic_url': 'https://scontent-waw2-2.cdninstagram.com/v/t51.2885-19/275946336_5108551652535483_5008389725276863718_n.jpg?stp=dst-jpg_e0_s150x150_tt6&_nc_ht=scontent-waw2-2.cdninstagram.com&_nc_cat=103&_nc_oc=Q6cZ2AELMlBwCyW8oDPB_W5Be8TlhP1yCvD9umc1suB1RriWRhwZZHakxI-gTNU8VMUoBeA&_nc_ohc=ezpUJ8i7nwQQ7kNvgGO2cbu&_nc_gid=7a67d3f53d8a432f871629aea5d8e8fe&edm=AId3EpQBAAAA&ccb=7-5&oh=00_AYCyJo0S4dxQ9Txl4PissSJAYwn_k3UdpdgKO8c46sqrUA&oe=67B4DC79&_nc_sid=f5838a', 'username': 'its_88sgreat'}",https://scontent-waw2-2.cdninstagram.com/v/t51.2885-19/275946336_5108551652535483_5008389725276863718_n.jpg?stp=dst-jpg_e0_s150x150_tt6&_nc_ht=scontent-waw2-2.cdninstagram.com&_nc_cat=103&_nc_oc=Q6cZ2AELMlBwCyW8oDPB_W5Be8TlhP1yCvD9umc1suB1RriWRhwZZHakxI-gTNU8VMUoBeA&_nc_ohc=ezpUJ8i7nwQQ7kNvgGO2cbu&_nc_gid=7a67d3f53d8a432f871629aea5d8e8fe&edm=AId3EpQBAAAA&ccb=7-5&oh=00_AYCyJo0S4dxQ9Txl4PissSJAYwn_k3UdpdgKO8c46sqrUA&oe=67B4DC79&_nc_sid=f5838a,its_88sgreat,https://www.instagram.com/p/DFgLhEbhPC4/,[],12,NGL that‚Äôs pretty good marketing,2025-01-31T20:58:21.000Z
18037932872156542,51,,"{'fbid_v2': 17841404120180722, 'full_name': 'Leandro', 'id': '4165777339', 'is_mentionable': True, 'is_private': True, 'is_verified': False, 'profile_pic_id': '3381321788548645491', 'profile_pic_url': 'https://scontent-waw2-2.cdninstagram.com/v/t51.2885-19/447296192_2204069649931650_1813053935237161143_n.jpg?stp=dst-jpg_e0_s150x150_tt6&_nc_ht=scontent-waw2-2.cdninstagram.com&_nc_cat=106&_nc_oc=Q6cZ2AELMlBwCyW8oDPB_W5Be8TlhP1yCvD9umc1suB1RriWRhwZZHakxI-gTNU8VMUoBeA&_nc_ohc=s1zRxqtyt4UQ7kNvgHfW8Rm&_nc_gid=7a67d3f53d8a432f871629aea5d8e8fe&edm=AId3EpQBAAAA&ccb=7-5&oh=00_AYD3F6qEwNuWadwMJ6xnhLzPMZKj5CnSZdppByNVjG7JmA&oe=67B4C93E&_nc_sid=f5838a', 'username': 'leandro__maggi'}",https://scontent-waw2-2.cdninstagram.com/v/t51.2885-19/447296192_2204069649931650_1813053935237161143_n.jpg?stp=dst-jpg_e0_s150x150_tt6&_nc_ht=scontent-waw2-2.cdninstagram.com&_nc_cat=106&_nc_oc=Q6cZ2AELMlBwCyW8oDPB_W5Be8TlhP1yCvD9umc1suB1RriWRhwZZHakxI-gTNU8VMUoBeA&_nc_ohc=s1zRxqtyt4UQ7kNvgHfW8Rm&_nc_gid=7a67d3f53d8a432f871629aea5d8e8fe&edm=AId3EpQBAAAA&ccb=7-5&oh=00_AYD3F6qEwNuWadwMJ6xnhLzPMZKj5CnSZdppByNVjG7JmA&oe=67B4C93E&_nc_sid=f5838a,leandro__maggi,https://www.instagram.com/p/DFgLhEbhPC4/,[],0,Gil üá¶üá∑,2025-02-13T22:53:45.000Z
18016047056661240,3663,,"{'fbid_v2': 17841454711276456, 'full_name': 'MR.SKELETONüíÄ', 'id': '54531647709', 'is_mentionable': False, 'is_private': True, 'is_verified': False, 'profile_pic_id': '3550264305562397602', 'profile_pic_url': 'https://scontent-waw2-2.cdninstagram.com/v/t51.2885-19/474571314_932955772315315_5702125541248568358_n.jpg?stp=dst-jpg_e0_s150x150_tt6&_nc_ht=scontent-waw2-2.cdninstagram.com&_nc_cat=107&_nc_oc=Q6cZ2AELMlBwCyW8oDPB_W5Be8TlhP1yCvD9umc1suB1RriWRhwZZHakxI-gTNU8VMUoBeA&_nc_ohc=0MT6ottGGKAQ7kNvgGiIMQp&_nc_gid=7a67d3f53d8a432f871629aea5d8e8fe&edm=AId3EpQBAAAA&ccb=7-5&oh=00_AYA0KE_Xqwovl2vM7U3MY1kk4KzU4Y_ih1pFqdWZO2QeMA&oe=67B4CAB6&_nc_sid=f5838a', 'username': 'skeleton_kaka_304_b'}",https://scontent-waw2-2.cdninstagram.com/v/t51.2885-19/474571314_932955772315315_5702125541248568358_n.jpg?stp=dst-jpg_e0_s150x150_tt6&_nc_ht=scontent-waw2-2.cdninstagram.com&_nc_cat=107&_nc_oc=Q6cZ2AELMlBwCyW8oDPB_W5Be8TlhP1yCvD9umc1suB1RriWRhwZZHakxI-gTNU8VMUoBeA&_nc_ohc=0MT6ottGGKAQ7kNvgGiIMQp&_nc_gid=7a67d3f53d8a432f871629aea5d8e8fe&edm=AId3EpQBAAAA&ccb=7-5&oh=00_AYA0KE_Xqwovl2vM7U3MY1kk4KzU4Y_ih1pFqdWZO2QeMA&oe=67B4CAB6&_nc_sid=f5838a,skeleton_kaka_304_b,https://www.instagram.com/p/DFgLhEbhPC4/,[],2,Broo's marketing ideas üí° üóø,2025-02-01T03:55:10.000Z
18262125703282667,4208,,"{'fbid_v2': 17841454442572164, 'full_name': 'DC', 'id': '54337318752', 'is_mentionable': True, 'is_private': True, 'is_verified': False, 'profile_pic_id': '3560913671433515606', 'profile_pic_url': 'https://scontent-dus1-1.cdninstagram.com/v/t51.2885-19/475900115_1334312874242072_2222467146309582896_n.jpg?stp=dst-jpg_e0_s150x150_tt6&_nc_ht=scontent-dus1-1.cdninstagram.com&_nc_cat=108&_nc_oc=Q6cZ2AFpzE4VddV3-nm7RnaSMKGbPa7QBu06G9lSon0PEaR6UkCK0fa3Q8m21LqPv-1xjCc&_nc_ohc=89VngO31rNoQ7kNvgGH03ha&_nc_gid=99ee66f05f0e47dcbe83421b027395c9&edm=AId3EpQBAAAA&ccb=7-5&oh=00_AYDgdEm-sF13yhx67ADPO4gbxFGeMebhW8_i-KmAI-9vIg&oe=67B4BCDC&_nc_sid=f5838a', 'username': 'z370clee_'}",https://scontent-dus1-1.cdninstagram.com/v/t51.2885-19/475900115_1334312874242072_2222467146309582896_n.jpg?stp=dst-jpg_e0_s150x150_tt6&_nc_ht=scontent-dus1-1.cdninstagram.com&_nc_cat=108&_nc_oc=Q6cZ2AFpzE4VddV3-nm7RnaSMKGbPa7QBu06G9lSon0PEaR6UkCK0fa3Q8m21LqPv-1xjCc&_nc_ohc=89VngO31rNoQ7kNvgGH03ha&_nc_gid=99ee66f05f0e47dcbe83421b027395c9&edm=AId3EpQBAAAA&ccb=7-5&oh=00_AYDgdEm-sF13yhx67ADPO4gbxFGeMebhW8_i-KmAI-9vIg&oe=67B4BCDC&_nc_sid=f5838a,z370clee_,https://www.instagram.com/p/DFGQ1XIJVmI/,[],118,Greatest country?? Aren‚Äôt your schools shooting ranges?,2025-01-21T19:03:22.000Z
18114351607440262,5436,,"{'fbid_v2': 17841435891206672, 'full_name': 'Mo Bashar', 'id': '35893388373', 'is_mentionable': True, 'is_private': True, 'is_verified': False, 'profile_pic_id': '3561981568069843956', 'profile_pic_url': 'https://scontent-dus1-1.cdninstagram.com/v/t51.2885-19/476422387_1838297033611428_5263362992508004161_n.jpg?stp=dst-jpg_e0_s150x150_tt6&_nc_ht=scontent-dus1-1.cdninstagram.com&_nc_cat=100&_nc_oc=Q6cZ2AFpzE4VddV3-nm7RnaSMKGbPa7QBu06G9lSon0PEaR6UkCK0fa3Q8m21LqPv-1xjCc&_nc_ohc=RoX6Y5bqFRoQ7kNvgG4L833&_nc_gid=99ee66f05f0e47dcbe83421b027395c9&edm=AId3EpQBAAAA&ccb=7-5&oh=00_AYDG7Qq3D9BoYZ_kUXVsxANx22rjVFkniGTH74Rw3d9sLg&oe=67B4D0E2&_nc_sid=f5838a', 'username': 'mobasharhittini'}",https://scontent-dus1-1.cdninstagram.com/v/t51.2885-19/476422387_1838297033611428_5263362992508004161_n.jpg?stp=dst-jpg_e0_s150x150_tt6&_nc_ht=scontent-dus1-1.cdninstagram.com&_nc_cat=100&_nc_oc=Q6cZ2AFpzE4VddV3-nm7RnaSMKGbPa7QBu06G9lSon0PEaR6UkCK0fa3Q8m21LqPv-1xjCc&_nc_ohc=RoX6Y5bqFRoQ7kNvgG4L833&_nc_gid=99ee66f05f0e47dcbe83421b027395c9&edm=AId3EpQBAAAA&ccb=7-5&oh=00_AYDG7Qq3D9BoYZ_kUXVsxANx22rjVFkniGTH74Rw3d9sLg&oe=67B4D0E2&_nc_sid=f5838a,mobasharhittini,https://www.instagram.com/p/DFGQ1XIJVmI/,[],207,The USA is not the greatest country in the world. The most powerful yes. But not the greatest. Nowhere near it.,2025-01-21T18:40:47.000Z
18027122801552168,1341,,"{'fbid_v2': 17841402020808364, 'full_name': 'Asonfeyra', 'id': '1986915360', 'is_mentionable': True, 'is_private': True, 'is_verified': False, 'profile_pic_url': 'https://instagram.fbom3-1.fna.fbcdn.net/v/t51.2885-19/464760996_1254146839119862_3605321457742435801_n.png?stp=dst-jpg_e0_s150x150_tt6&cb=8577c754-c2464923&_nc_ht=instagram.fbom3-1.fna.fbcdn.net&_nc_cat=1&_nc_oc=Q6cZ2AEoo-RRAw5paeFMI7y6cRvaRvFBlXeCBt6J3PNLMWUxeDQJ5pBwfpQcUpN__YcL3irVLDbfGrEKKQF_gRIOVaei&_nc_ohc=jNH4_0KpJ_EQ7kNvgEwHRpm&_nc_gid=4d105cde134943b3aa2a05258990809a&edm=AJ6bypkBAAAA&ccb=7-5&ig_cache_key=YW5vbnltb3VzX3Byb2ZpbGVfcGlj.3-ccb7-5-cb8577c754-c2464923&oh=00_AYBKd7herKCwiJNKeOQZuQKKm2d-_S1ZA5OoCzhr8JjrjQ&oe=67B4D9E8&_nc_sid=3bf2da', 'username': 'asonfeyra'}",https://instagram.fbom3-1.fna.fbcdn.net/v/t51.2885-19/464760996_1254146839119862_3605321457742435801_n.png?stp=dst-jpg_e0_s150x150_tt6&cb=8577c754-c2464923&_nc_ht=instagram.fbom3-1.fna.fbcdn.net&_nc_cat=1&_nc_oc=Q6cZ2AEoo-RRAw5paeFMI7y6cRvaRvFBlXeCBt6J3PNLMWUxeDQJ5pBwfpQcUpN__YcL3irVLDbfGrEKKQF_gRIOVaei&_nc_ohc=jNH4_0KpJ_EQ7kNvgEwHRpm&_nc_gid=4d105cde134943b3aa2a05258990809a&edm=AJ6bypkBAAAA&ccb=7-5&ig_cache_key=YW5vbnltb3VzX3Byb2ZpbGVfcGlj.3-ccb7-5-cb8577c754-c2464923&oh=00_AYBKd7herKCwiJNKeOQZuQKKm2d-_S1ZA5OoCzhr8JjrjQ&oe=67B4D9E8&_nc_sid=3bf2da,asonfeyra,https://www.instagram.com/p/DFGQ1XIJVmI/,[],19,Greatest country until you need medical care,2025-01-21T18:48:53.000Z
18055663978993569,3677,,"{'fbid_v2': 17841400661613096, 'full_name': 'Gaurav Gupta', 'id': '1478102053', 'is_mentionable': True, 'is_private': True, 'is_verified': False, 'profile_pic_id': '3451985612684088045', 'profile_pic_url': 'https://scontent-dus1-1.cdninstagram.com/v/t51.2885-19/458733513_547082261104458_2025850144191660429_n.jpg?stp=dst-jpg_e0_s150x150_tt6&_nc_ht=scontent-dus1-1.cdninstagram.com&_nc_cat=106&_nc_oc=Q6cZ2AFpzE4VddV3-nm7RnaSMKGbPa7QBu06G9lSon0PEaR6UkCK0fa3Q8m21LqPv-1xjCc&_nc_ohc=dpm0iYeDHhEQ7kNvgFewyDm&_nc_gid=99ee66f05f0e47dcbe83421b027395c9&edm=AId3EpQBAAAA&ccb=7-5&oh=00_AYB2RYbue7ZpnT1qhNyIGz4pZ-cuJ_-gMftGDLyGoNcUoQ&oe=67B4E75C&_nc_sid=f5838a', 'username': 'quadig07'}",https://scontent-dus1-1.cdninstagram.com/v/t51.2885-19/458733513_547082261104458_2025850144191660429_n.jpg?stp=dst-jpg_e0_s150x150_tt6&_nc_ht=scontent-dus1-1.cdninstagram.com&_nc_cat=106&_nc_oc=Q6cZ2AFpzE4VddV3-nm7RnaSMKGbPa7QBu06G9lSon0PEaR6UkCK0fa3Q8m21LqPv-1xjCc&_nc_ohc=dpm0iYeDHhEQ7kNvgFewyDm&_nc_gid=99ee66f05f0e47dcbe83421b027395c9&edm=AId3EpQBAAAA&ccb=7-5&oh=00_AYB2RYbue7ZpnT1qhNyIGz4pZ-cuJ_-gMftGDLyGoNcUoQ&oe=67B4E75C&_nc_sid=f5838a,quadig07,https://www.instagram.com/p/DFGQ1XIJVmI/,[],27,Admit the match was fixed,2025-01-21T18:36:04.000Z
18262567609262564,757,,"{'fbid_v2': 17841401091460060, 'full_name': ""Jonathan 'Maca' Mc Ilmurray"", 'id': '3812382', 'is_mentionable': True, 'is_private': True, 'is_verified': False, 'profile_pic_id': '2226418967575418333', 'profile_pic_url': 'https://scontent-dus1-1.cdninstagram.com/v/t51.2885-19/81621372_187654889300799_382376557496238080_n.jpg?stp=dst-jpg_e0_s150x150_tt6&_nc_ht=scontent-dus1-1.cdninstagram.com&_nc_cat=103&_nc_oc=Q6cZ2AFpzE4VddV3-nm7RnaSMKGbPa7QBu06G9lSon0PEaR6UkCK0fa3Q8m21LqPv-1xjCc&_nc_ohc=sr2rw9bIIB8Q7kNvgFD0Whb&_nc_gid=99ee66f05f0e47dcbe83421b027395c9&edm=AId3EpQBAAAA&ccb=7-5&oh=00_AYCGHJ2wj_tUgH-U3sNIJ-eutYnu3vlprqdciV5dnnqThw&oe=67B4BAA9&_nc_sid=f5838a', 'username': 'macaman'}",https://scontent-dus1-1.cdninstagram.com/v/t51.2885-19/81621372_187654889300799_382376557496238080_n.jpg?stp=dst-jpg_e0_s150x150_tt6&_nc_ht=scontent-dus1-1.cdninstagram.com&_nc_cat=103&_nc_oc=Q6cZ2AFpzE4VddV3-nm7RnaSMKGbPa7QBu06G9lSon0PEaR6UkCK0fa3Q8m21LqPv-1xjCc&_nc_ohc=sr2rw9bIIB8Q7kNvgFD0Whb&_nc_gid=99ee66f05f0e47dcbe83421b027395c9&edm=AId3EpQBAAAA&ccb=7-5&oh=00_AYCGHJ2wj_tUgH-U3sNIJ-eutYnu3vlprqdciV5dnnqThw&oe=67B4BAA9&_nc_sid=f5838a,macaman,https://www.instagram.com/p/DFGQ1XIJVmI/,[],26,3rd world country with a 1st world mask,2025-01-21T19:03:26.000Z
18298762597228083,194,"{'gif_media_id': 'WzR8zb0PN6bUmfz4DW', 'images': {'fixed_height': {'height': 200, 'mp4': 'https://media4.giphy.com/media/v1.Y2lkPTA1NzQyMTNja3BtOHM5cnppZWxhaHUxa2Q3am05aGl0Z21qcmpicWJkeXdjcnFpbCZlcD12MV9naWZzX2dpZklkJmN0PWc/WzR8zb0PN6bUmfz4DW/200.mp4', 'mp4_size': 185855, 'size': 785915, 'url': 'https://media4.giphy.com/media/v1.Y2lkPTA1NzQyMTNja3BtOHM5cnppZWxhaHUxa2Q3am05aGl0Z21qcmpicWJkeXdjcnFpbCZlcD12MV9naWZzX2dpZklkJmN0PWc/WzR8zb0PN6bUmfz4DW/200.gif', 'webp': 'https://media4.giphy.com/media/v1.Y2lkPTA1NzQyMTNja3BtOHM5cnppZWxhaHUxa2Q3am05aGl0Z21qcmpicWJkeXdjcnFpbCZlcD12MV9naWZzX2dpZklkJmN0PWc/WzR8zb0PN6bUmfz4DW/200.webp', 'webp_size': 365254, 'width': 266}}, 'is_sticker': False, 'title': 'World Cup Kiss GIF', 'username': ''}","{'fbid_v2': 17841451666637860, 'full_name': 'üÖÇüÑæüÖà üÖÉüÑ∏üÑ∏üÖÉüÑ∏üÑ∏', 'id': '51662890221', 'is_mentionable': False, 'is_private': False, 'is_verified': False, 'latest_reel_media': 1739503684, 'profile_pic_id': '3552312193648321176', 'profile_pic_url': 'https://scontent-muc2-1.cdninstagram.com/v/t51.2885-19/474561146_1110931830777102_3348269655864363601_n.jpg?stp=dst-jpg_e0_s150x150_tt6&_nc_ht=scontent-muc2-1.cdninstagram.com&_nc_cat=106&_nc_oc=Q6cZ2AF0fiReahvS8oS8HLsHO76EtvSSGsB-YWOOoVpSIJZd2xypB-63BeByJUoprMpcpFU&_nc_ohc=vBmB8DNoc7wQ7kNvgGyLsax&_nc_gid=af963b2787354c00bc32b70166c6a62d&edm=AId3EpQBAAAA&ccb=7-5&oh=00_AYD5c4c9QmTgaINqtiUH9GrugmF3o8hceMUv-piCaIMSGQ&oe=67B4CB44&_nc_sid=f5838a', 'username': 'soy_tiitii'}",https://scontent-muc2-1.cdninstagram.com/v/t51.2885-19/474561146_1110931830777102_3348269655864363601_n.jpg?stp=dst-jpg_e0_s150x150_tt6&_nc_ht=scontent-muc2-1.cdninstagram.com&_nc_cat=106&_nc_oc=Q6cZ2AF0fiReahvS8oS8HLsHO76EtvSSGsB-YWOOoVpSIJZd2xypB-63BeByJUoprMpcpFU&_nc_ohc=vBmB8DNoc7wQ7kNvgGyLsax&_nc_gid=af963b2787354c00bc32b70166c6a62d&edm=AId3EpQBAAAA&ccb=7-5&oh=00_AYD5c4c9QmTgaINqtiUH9GrugmF3o8hceMUv-piCaIMSGQ&oe=67B4CB44&_nc_sid=f5838a,soy_tiitii,https://www.instagram.com/p/DFst_0gRAH-/,[],0,,2025-02-13T17:37:48.000Z
17889546984190779,124,"{'gif_media_id': 'XcAskcEyoyld03drLt', 'images': {'fixed_height': {'height': 200, 'mp4': 'https://media0.giphy.com/media/v1.Y2lkPWFlZWNjYzExbzRuMXB5ZzluanI3ejhnanRhcjJqdm8zcnpxODBlOWJ4Z3N3dnNmOSZlcD12MV9naWZzX2dpZklkJmN0PWc/XcAskcEyoyld03drLt/200.mp4', 'mp4_size': 531760, 'size': 1289010, 'url': 'https://media0.giphy.com/media/v1.Y2lkPWFlZWNjYzExbzRuMXB5ZzluanI3ejhnanRhcjJqdm8zcnpxODBlOWJ4Z3N3dnNmOSZlcD12MV9naWZzX2dpZklkJmN0PWc/XcAskcEyoyld03drLt/200.gif', 'webp': 'https://media0.giphy.com/media/v1.Y2lkPWFlZWNjYzExbzRuMXB5ZzluanI3ejhnanRhcjJqdm8zcnpxODBlOWJ4Z3N3dnNmOSZlcD12MV9naWZzX2dpZklkJmN0PWc/XcAskcEyoyld03drLt/200.webp', 'webp_size': 818044, 'width': 200}}, 'is_sticker': False, 'title': 'La Liga Football GIF by FC Barcelona', 'username': 'fcbarcelona'}","{'fbid_v2': 17841448252851464, 'full_name': 'üáª\u200b\u200b\u200b\u200b\u200bÃæÕãÃîüá¶\u200b\u200b\u200b\u200b\u200bÃêÕëÕëüá≥\u200b\u200b\u200b\u200b\u200bÕíÃΩÕÅüá∏\u200b\u200b\u200b\u200b\u200bÃΩÕíÕÄüá≠\u200b\u200b\u200b\u200b\u200bÕåÕùÕÄüá∫\u200b\u200b\u200b\u200b\u200bÕåÃìÕù‡º∫Sh‚±•‚Ñùm‚±•‡ºª', 'id': '48331720428', 'is_mentionable': True, 'is_private': False, 'is_verified': False, 'latest_reel_media': 1739505564, 'profile_pic_id': '3541864361147133936', 'profile_pic_url': 'https://scontent-muc2-1.cdninstagram.com/v/t51.2885-19/472939969_1132291908017352_6012424307225279917_n.jpg?stp=dst-jpg_e0_s150x150_tt6&_nc_ht=scontent-muc2-1.cdninstagram.com&_nc_cat=100&_nc_oc=Q6cZ2AF0fiReahvS8oS8HLsHO76EtvSSGsB-YWOOoVpSIJZd2xypB-63BeByJUoprMpcpFU&_nc_ohc=MSo3EXHFhHoQ7kNvgHZD4PQ&_nc_gid=af963b2787354c00bc32b70166c6a62d&edm=AId3EpQBAAAA&ccb=7-5&oh=00_AYBvSCu1gMeDIqGGojpcc8utlkLdi4zWykVxOkR-lPptGw&oe=67B4CDD2&_nc_sid=f5838a', 'username': 'aditya_deva_07'}",https://scontent-muc2-1.cdninstagram.com/v/t51.2885-19/472939969_1132291908017352_6012424307225279917_n.jpg?stp=dst-jpg_e0_s150x150_tt6&_nc_ht=scontent-muc2-1.cdninstagram.com&_nc_cat=100&_nc_oc=Q6cZ2AF0fiReahvS8oS8HLsHO76EtvSSGsB-YWOOoVpSIJZd2xypB-63BeByJUoprMpcpFU&_nc_ohc=MSo3EXHFhHoQ7kNvgHZD4PQ&_nc_gid=af963b2787354c00bc32b70166c6a62d&edm=AId3EpQBAAAA&ccb=7-5&oh=00_AYBvSCu1gMeDIqGGojpcc8utlkLdi4zWykVxOkR-lPptGw&oe=67B4CDD2&_nc_sid=f5838a,aditya_deva_07,https://www.instagram.com/p/DFst_0gRAH-/,[],0,,2025-02-13T18:13:57.000Z
18301634122231205,90,"{'gif_media_id': 'ViZylgfPSfJFm', 'images': {'fixed_height': {'height': 200, 'mp4': 'https://media0.giphy.com/media/v1.Y2lkPWFlZWNjYzExZTNjbDVkaXNvZTA2d25ndTQ3Nm5jOXUxMHpvZ2Jid3IxbndzeW92ZSZlcD12MV9naWZzX2dpZklkJmN0PWc/ViZylgfPSfJFm/200.mp4', 'mp4_size': 167707, 'size': 451308, 'url': 'https://media0.giphy.com/media/v1.Y2lkPWFlZWNjYzExZTNjbDVkaXNvZTA2d25ndTQ3Nm5jOXUxMHpvZ2Jid3IxbndzeW92ZSZlcD12MV9naWZzX2dpZklkJmN0PWc/ViZylgfPSfJFm/200.gif', 'webp': 'https://media0.giphy.com/media/v1.Y2lkPWFlZWNjYzExZTNjbDVkaXNvZTA2d25ndTQ3Nm5jOXUxMHpvZ2Jid3IxbndzeW92ZSZlcD12MV9naWZzX2dpZklkJmN0PWc/ViZylgfPSfJFm/200.webp', 'webp_size': 188268, 'width': 400}}, 'is_sticker': False, 'title': 'Lionel Messi GIF by FC Barcelona', 'username': 'fcbarcelona'}","{'fbid_v2': 17841404200600460, 'full_name': 'Valentino', 'id': '4083676020', 'is_mentionable': True, 'is_private': False, 'is_verified': False, 'latest_reel_media': 1739464080, 'profile_pic_id': '3383958811840107543', 'profile_pic_url': 'https://scontent-muc2-1.cdninstagram.com/v/t51.2885-19/447685006_966393681614182_1386605961062451823_n.jpg?stp=dst-jpg_e0_s150x150_tt6&_nc_ht=scontent-muc2-1.cdninstagram.com&_nc_cat=110&_nc_oc=Q6cZ2AF0fiReahvS8oS8HLsHO76EtvSSGsB-YWOOoVpSIJZd2xypB-63BeByJUoprMpcpFU&_nc_ohc=4PdFwiGBLsYQ7kNvgHe3HSU&_nc_gid=af963b2787354c00bc32b70166c6a62d&edm=AId3EpQBAAAA&ccb=7-5&oh=00_AYBF3DglMefE2yCnOKQFW9lXoQyzrBTTdClJNMevqk9QFg&oe=67B4E23F&_nc_sid=f5838a', 'username': 'vale.gianninii'}",https://scontent-muc2-1.cdninstagram.com/v/t51.2885-19/447685006_966393681614182_1386605961062451823_n.jpg?stp=dst-jpg_e0_s150x150_tt6&_nc_ht=scontent-muc2-1.cdninstagram.com&_nc_cat=110&_nc_oc=Q6cZ2AF0fiReahvS8oS8HLsHO76EtvSSGsB-YWOOoVpSIJZd2xypB-63BeByJUoprMpcpFU&_nc_ohc=4PdFwiGBLsYQ7kNvgHe3HSU&_nc_gid=af963b2787354c00bc32b70166c6a62d&edm=AId3EpQBAAAA&ccb=7-5&oh=00_AYBF3DglMefE2yCnOKQFW9lXoQyzrBTTdClJNMevqk9QFg&oe=67B4E23F&_nc_sid=f5838a,vale.gianninii,https://www.instagram.com/p/DFst_0gRAH-/,[],0,,2025-02-13T20:20:16.000Z
18031872794278384,77,,"{'fbid_v2': 17841402669857080, 'full_name': 'Sebastian Toro', 'id': '2696648995', 'is_mentionable': True, 'is_private': False, 'is_verified': False, 'latest_reel_media': 0, 'profile_pic_id': '3181120739704143202', 'profile_pic_url': 'https://scontent-muc2-1.cdninstagram.com/v/t51.2885-19/370205270_1014761989957382_390540618862724771_n.jpg?stp=dst-jpg_e0_s150x150_tt6&_nc_ht=scontent-muc2-1.cdninstagram.com&_nc_cat=102&_nc_oc=Q6cZ2AF0fiReahvS8oS8HLsHO76EtvSSGsB-YWOOoVpSIJZd2xypB-63BeByJUoprMpcpFU&_nc_ohc=2lW6xsObOY0Q7kNvgHq9QkX&_nc_gid=af963b2787354c00bc32b70166c6a62d&edm=AId3EpQBAAAA&ccb=7-5&oh=00_AYD8TO-Y6o0kvY01dDAhjoGbjeEm0ETZwYlZsTg3pZCh5w&oe=67B4C268&_nc_sid=f5838a', 'username': 'storosalta'}",https://scontent-muc2-1.cdninstagram.com/v/t51.2885-19/370205270_1014761989957382_390540618862724771_n.jpg?stp=dst-jpg_e0_s150x150_tt6&_nc_ht=scontent-muc2-1.cdninstagram.com&_nc_cat=102&_nc_oc=Q6cZ2AF0fiReahvS8oS8HLsHO76EtvSSGsB-YWOOoVpSIJZd2xypB-63BeByJUoprMpcpFU&_nc_ohc=2lW6xsObOY0Q7kNvgHq9QkX&_nc_gid=af963b2787354c00bc32b70166c6a62d&edm=AId3EpQBAAAA&ccb=7-5&oh=00_AYD8TO-Y6o0kvY01dDAhjoGbjeEm0ETZwYlZsTg3pZCh5w&oe=67B4C268&_nc_sid=f5838a,storosalta,https://www.instagram.com/p/DFst_0gRAH-/,[],0,And√° pa all√°!,2025-02-13T23:30:42.000Z
18046030565201513,56,,"{'fbid_v2': 17841404120180722, 'full_name': 'Leandro', 'id': '4165777339', 'is_mentionable': True, 'is_private': True, 'is_verified': False, 'profile_pic_id': '3381321788548645491', 'profile_pic_url': 'https://scontent-muc2-1.cdninstagram.com/v/t51.2885-19/447296192_2204069649931650_1813053935237161143_n.jpg?stp=dst-jpg_e0_s150x150_tt6&_nc_ht=scontent-muc2-1.cdninstagram.com&_nc_cat=106&_nc_oc=Q6cZ2AF0fiReahvS8oS8HLsHO76EtvSSGsB-YWOOoVpSIJZd2xypB-63BeByJUoprMpcpFU&_nc_ohc=s1zRxqtyt4UQ7kNvgHnAHeR&_nc_gid=af963b2787354c00bc32b70166c6a62d&edm=AId3EpQBAAAA&ccb=7-5&oh=00_AYA4VV5fIDaEUp25Wb_VrLDROBl8Yj8jTxmNEkYEGm5bsQ&oe=67B4C93E&_nc_sid=f5838a', 'username': 'leandro__maggi'}",https://scontent-muc2-1.cdninstagram.com/v/t51.2885-19/447296192_2204069649931650_1813053935237161143_n.jpg?stp=dst-jpg_e0_s150x150_tt6&_nc_ht=scontent-muc2-1.cdninstagram.com&_nc_cat=106&_nc_oc=Q6cZ2AF0fiReahvS8oS8HLsHO76EtvSSGsB-YWOOoVpSIJZd2xypB-63BeByJUoprMpcpFU&_nc_ohc=s1zRxqtyt4UQ7kNvgHnAHeR&_nc_gid=af963b2787354c00bc32b70166c6a62d&edm=AId3EpQBAAAA&ccb=7-5&oh=00_AYA4VV5fIDaEUp25Wb_VrLDROBl8Yj8jTxmNEkYEGm5bsQ&oe=67B4C93E&_nc_sid=f5838a,leandro__maggi,https://www.instagram.com/p/DFst_0gRAH-/,[],0,Salame üá¶üá∑,2025-02-13T22:53:26.000Z
18477852217026896,10,,"{'fbid_v2': 17841404099842440, 'full_name': 'Azeem', 'id': '4179512661', 'is_mentionable': True, 'is_private': True, 'is_verified': False, 'profile_pic_id': '3513808382424921599', 'profile_pic_url': 'https://scontent-ber1-1.cdninstagram.com/v/t51.2885-19/469000062_3117438388396319_4008001556447830175_n.jpg?stp=dst-jpg_e0_s150x150_tt6&_nc_ht=scontent-ber1-1.cdninstagram.com&_nc_cat=111&_nc_oc=Q6cZ2AE7ERn8yy4cPhWAEvwG9JpMPh-7ymtZP3VUbBE-e8ldMIR_gYW3-OXz-Y8riqjoAiU&_nc_ohc=KgHwZUXPFikQ7kNvgHTfj3v&_nc_gid=bc2b3f181fa44cd9888e33798972a589&edm=AId3EpQBAAAA&ccb=7-5&oh=00_AYB43PZ_fM46p3_2Bf9rCvM1Hn8zfzohfCXofFaeUTsA7g&oe=67B4DC48&_nc_sid=f5838a', 'username': 'azeeem_syed'}",https://scontent-ber1-1.cdninstagram.com/v/t51.2885-19/469000062_3117438388396319_4008001556447830175_n.jpg?stp=dst-jpg_e0_s150x150_tt6&_nc_ht=scontent-ber1-1.cdninstagram.com&_nc_cat=111&_nc_oc=Q6cZ2AE7ERn8yy4cPhWAEvwG9JpMPh-7ymtZP3VUbBE-e8ldMIR_gYW3-OXz-Y8riqjoAiU&_nc_ohc=KgHwZUXPFikQ7kNvgHTfj3v&_nc_gid=bc2b3f181fa44cd9888e33798972a589&edm=AId3EpQBAAAA&ccb=7-5&oh=00_AYB43PZ_fM46p3_2Bf9rCvM1Hn8zfzohfCXofFaeUTsA7g&oe=67B4DC48&_nc_sid=f5838a,azeeem_syed,https://www.instagram.com/p/DFDIcUSRRH7/,[],0,Lost father vibes,2025-01-20T14:08:20.000Z
18092857864469300,4,,"{'fbid_v2': 17841403992901196, 'full_name': 'Amy Rucker', 'id': '4009581096', 'is_mentionable': True, 'is_private': True, 'is_verified': False, 'profile_pic_id': '3520533529743225241', 'profile_pic_url': 'https://scontent-ber1-1.cdninstagram.com/v/t51.2885-19/469728025_908051531440076_7911465630513595997_n.jpg?stp=dst-jpg_e0_s150x150_tt6&_nc_ht=scontent-ber1-1.cdninstagram.com&_nc_cat=108&_nc_oc=Q6cZ2AE7ERn8yy4cPhWAEvwG9JpMPh-7ymtZP3VUbBE-e8ldMIR_gYW3-OXz-Y8riqjoAiU&_nc_ohc=GXpeES08tqAQ7kNvgFEj0zj&_nc_gid=bc2b3f181fa44cd9888e33798972a589&edm=AId3EpQBAAAA&ccb=7-5&oh=00_AYBlqoC15n2eYtv0r-Np7kNImna-loCGaknBQshabxYRNA&oe=67B4EB92&_nc_sid=f5838a', 'username': 'amyruckus'}",https://scontent-ber1-1.cdninstagram.com/v/t51.2885-19/469728025_908051531440076_7911465630513595997_n.jpg?stp=dst-jpg_e0_s150x150_tt6&_nc_ht=scontent-ber1-1.cdninstagram.com&_nc_cat=108&_nc_oc=Q6cZ2AE7ERn8yy4cPhWAEvwG9JpMPh-7ymtZP3VUbBE-e8ldMIR_gYW3-OXz-Y8riqjoAiU&_nc_ohc=GXpeES08tqAQ7kNvgFEj0zj&_nc_gid=bc2b3f181fa44cd9888e33798972a589&edm=AId3EpQBAAAA&ccb=7-5&oh=00_AYBlqoC15n2eYtv0r-Np7kNImna-loCGaknBQshabxYRNA&oe=67B4EB92&_nc_sid=f5838a,amyruckus,https://www.instagram.com/p/DFDIcUSRRH7/,[],0,Trouble,2025-01-22T05:52:53.000Z
17884804905197114,45,,"{'fbid_v2': 17841417400554540, 'full_name': 'Enzo ‚úû', 'id': '17396324018', 'is_mentionable': False, 'is_private': True, 'is_verified': False, 'profile_pic_id': '3559517750440791142', 'profile_pic_url': 'https://scontent-ber1-1.cdninstagram.com/v/t51.2885-19/476020432_1718405085692169_8680155067655144062_n.jpg?stp=dst-jpg_e0_s150x150_tt6&_nc_ht=scontent-ber1-1.cdninstagram.com&_nc_cat=109&_nc_oc=Q6cZ2AE7ERn8yy4cPhWAEvwG9JpMPh-7ymtZP3VUbBE-e8ldMIR_gYW3-OXz-Y8riqjoAiU&_nc_ohc=mA0R_tWi6OwQ7kNvgHt_hgz&_nc_gid=bc2b3f181fa44cd9888e33798972a589&edm=AId3EpQBAAAA&ccb=7-5&oh=00_AYCZ7wG-HY6HQM7V1E3s_1RT8lY0s1tJW3HehyyrYpgjJg&oe=67B4EE7D&_nc_sid=f5838a', 'username': 'enzosmilhomem'}",https://scontent-ber1-1.cdninstagram.com/v/t51.2885-19/476020432_1718405085692169_8680155067655144062_n.jpg?stp=dst-jpg_e0_s150x150_tt6&_nc_ht=scontent-ber1-1.cdninstagram.com&_nc_cat=109&_nc_oc=Q6cZ2AE7ERn8yy4cPhWAEvwG9JpMPh-7ymtZP3VUbBE-e8ldMIR_gYW3-OXz-Y8riqjoAiU&_nc_ohc=mA0R_tWi6OwQ7kNvgHt_hgz&_nc_gid=bc2b3f181fa44cd9888e33798972a589&edm=AId3EpQBAAAA&ccb=7-5&oh=00_AYCZ7wG-HY6HQM7V1E3s_1RT8lY0s1tJW3HehyyrYpgjJg&oe=67B4EE7D&_nc_sid=f5838a,enzosmilhomem,https://www.instagram.com/p/DFDIcUSRRH7/,[],6,MAGA gathering,2025-01-20T13:23:54.000Z
18044366807254440,1,,"{'fbid_v2': 17841462213468308, 'full_name': '', 'id': '62226457782', 'is_mentionable': True, 'is_private': True, 'is_verified': False, 'profile_pic_id': '3304658852628547762', 'profile_pic_url': 'https://scontent-ber1-1.cdninstagram.com/v/t51.2885-19/427979533_1116379836453007_7707500215981353466_n.jpg?stp=dst-jpg_e0_s150x150_tt6&_nc_ht=scontent-ber1-1.cdninstagram.com&_nc_cat=107&_nc_oc=Q6cZ2AE7ERn8yy4cPhWAEvwG9JpMPh-7ymtZP3VUbBE-e8ldMIR_gYW3-OXz-Y8riqjoAiU&_nc_ohc=GoO7OiwnQR0Q7kNvgFF4hOe&_nc_gid=bc2b3f181fa44cd9888e33798972a589&edm=AId3EpQBAAAA&ccb=7-5&oh=00_AYBUEgExvkdkA2veiQMwBvTUt9PE3KHqkb9xwhy1yh026g&oe=67B4BEF4&_nc_sid=f5838a', 'username': '815.t.a.r'}",https://scontent-ber1-1.cdninstagram.com/v/t51.2885-19/427979533_1116379836453007_7707500215981353466_n.jpg?stp=dst-jpg_e0_s150x150_tt6&_nc_ht=scontent-ber1-1.cdninstagram.com&_nc_cat=107&_nc_oc=Q6cZ2AE7ERn8yy4cPhWAEvwG9JpMPh-7ymtZP3VUbBE-e8ldMIR_gYW3-OXz-Y8riqjoAiU&_nc_ohc=GoO7OiwnQR0Q7kNvgFF4hOe&_nc_gid=bc2b3f181fa44cd9888e33798972a589&edm=AId3EpQBAAAA&ccb=7-5&oh=00_AYBUEgExvkdkA2veiQMwBvTUt9PE3KHqkb9xwhy1yh026g&oe=67B4BEF4&_nc_sid=f5838a,815.t.a.r,https://www.instagram.com/p/DFDIcUSRRH7/,[],0,dayumm even took ur momüòÇ,2025-02-08T20:31:47.000Z
18024114545636246,5,,"{'fbid_v2': 17841400879386836, 'full_name': 'AutoVlog', 'id': '1717533312', 'is_mentionable': True, 'is_private': False, 'is_verified': True, 'latest_reel_media': 0, 'profile_pic_id': '2334581115129243503', 'profile_pic_url': 'https://scontent-ber1-1.cdninstagram.com/v/t51.2885-19/103421684_264133168244416_6641453470771624640_n.jpg?stp=dst-jpg_e0_s150x150_tt6&_nc_ht=scontent-ber1-1.cdninstagram.com&_nc_cat=104&_nc_oc=Q6cZ2AE7ERn8yy4cPhWAEvwG9JpMPh-7ymtZP3VUbBE-e8ldMIR_gYW3-OXz-Y8riqjoAiU&_nc_ohc=fBCGna7A7uUQ7kNvgEK84yF&_nc_gid=bc2b3f181fa44cd9888e33798972a589&edm=AId3EpQBAAAA&ccb=7-5&oh=00_AYAGSadhR5BVx4ef146uyOBs_itv3GVZ-B04kGLEHdkYMA&oe=67B4BB3B&_nc_sid=f5838a', 'username': 'autovlog'}",https://scontent-ber1-1.cdninstagram.com/v/t51.2885-19/103421684_264133168244416_6641453470771624640_n.jpg?stp=dst-jpg_e0_s150x150_tt6&_nc_ht=scontent-ber1-1.cdninstagram.com&_nc_cat=104&_nc_oc=Q6cZ2AE7ERn8yy4cPhWAEvwG9JpMPh-7ymtZP3VUbBE-e8ldMIR_gYW3-OXz-Y8riqjoAiU&_nc_ohc=fBCGna7A7uUQ7kNvgEK84yF&_nc_gid=bc2b3f181fa44cd9888e33798972a589&edm=AId3EpQBAAAA&ccb=7-5&oh=00_AYAGSadhR5BVx4ef146uyOBs_itv3GVZ-B04kGLEHdkYMA&oe=67B4BB3B&_nc_sid=f5838a,autovlog,https://www.instagram.com/p/DFDIcUSRRH7/,[],0,üòÇüòÇüá∫üá∏üá∫üá∏üá∫üá∏üá∫üá∏,2025-01-20T14:50:49.000Z
18070063678825096,251,,"{'fbid_v2': 17841400636935116, 'full_name': 'dragonKING', 'id': '327509231', 'is_mentionable': False, 'is_private': True, 'is_verified': False, 'profile_pic_id': '2594346845357566851', 'profile_pic_url': 'https://scontent-waw2-1.cdninstagram.com/v/t51.2885-19/199568289_548132359683800_3527485061695546898_n.jpg?stp=dst-jpg_e0_s150x150_tt6&_nc_ht=scontent-waw2-1.cdninstagram.com&_nc_cat=108&_nc_oc=Q6cZ2AF44FQfvZ6P1QHYSRaMPdT_30sXDMFwh5qpF7ixGXcB-Ms4ihQDbuiTBYsJuqsMYAY&_nc_ohc=6p5lcE7ckPwQ7kNvgEHSPZ-&_nc_gid=6e6b0be02434495fa59f545caf84052f&edm=AId3EpQBAAAA&ccb=7-5&oh=00_AYChR4NRixFaFmSOGrZLuzEMW4cKlHV9Li3aS7y1jJ-08Q&oe=67B4EBC5&_nc_sid=f5838a', 'username': 'dragonsgamingunite'}",https://scontent-waw2-1.cdninstagram.com/v/t51.2885-19/199568289_548132359683800_3527485061695546898_n.jpg?stp=dst-jpg_e0_s150x150_tt6&_nc_ht=scontent-waw2-1.cdninstagram.com&_nc_cat=108&_nc_oc=Q6cZ2AF44FQfvZ6P1QHYSRaMPdT_30sXDMFwh5qpF7ixGXcB-Ms4ihQDbuiTBYsJuqsMYAY&_nc_ohc=6p5lcE7ckPwQ7kNvgEHSPZ-&_nc_gid=6e6b0be02434495fa59f545caf84052f&edm=AId3EpQBAAAA&ccb=7-5&oh=00_AYChR4NRixFaFmSOGrZLuzEMW4cKlHV9Li3aS7y1jJ-08Q&oe=67B4EBC5&_nc_sid=f5838a,dragonsgamingunite,https://www.instagram.com/p/DEfeJAYPXZ3/,[],16,What stores,2025-01-06T17:13:20.000Z
17918399433023533,14,,"{'fbid_v2': 17841462253764262, 'full_name': 'Yvenel Brumaire', 'id': '62274099125', 'is_mentionable': True, 'is_private': False, 'is_verified': False, 'latest_reel_media': 1739503131, 'profile_pic_id': '3423652509240461250', 'profile_pic_url': 'https://scontent-waw2-1.cdninstagram.com/v/t51.2885-19/453527060_7973647969419632_8107152699402196198_n.jpg?stp=dst-jpg_e0_s150x150_tt6&_nc_ht=scontent-waw2-1.cdninstagram.com&_nc_cat=108&_nc_oc=Q6cZ2AF44FQfvZ6P1QHYSRaMPdT_30sXDMFwh5qpF7ixGXcB-Ms4ihQDbuiTBYsJuqsMYAY&_nc_ohc=EuIHdA-adhUQ7kNvgHXi4JG&_nc_gid=6e6b0be02434495fa59f545caf84052f&edm=AId3EpQBAAAA&ccb=7-5&oh=00_AYAC9NCAWN9Ad-SlseBjTq6Uvd9TnpVoChVOHRZVobi55g&oe=67B4E0BA&_nc_sid=f5838a', 'username': 'yvenelbrumaire'}",https://scontent-waw2-1.cdninstagram.com/v/t51.2885-19/453527060_7973647969419632_8107152699402196198_n.jpg?stp=dst-jpg_e0_s150x150_tt6&_nc_ht=scontent-waw2-1.cdninstagram.com&_nc_cat=108&_nc_oc=Q6cZ2AF44FQfvZ6P1QHYSRaMPdT_30sXDMFwh5qpF7ixGXcB-Ms4ihQDbuiTBYsJuqsMYAY&_nc_ohc=EuIHdA-adhUQ7kNvgHXi4JG&_nc_gid=6e6b0be02434495fa59f545caf84052f&edm=AId3EpQBAAAA&ccb=7-5&oh=00_AYAC9NCAWN9Ad-SlseBjTq6Uvd9TnpVoChVOHRZVobi55g&oe=67B4E0BA&_nc_sid=f5838a,yvenelbrumaire,https://www.instagram.com/p/DEfeJAYPXZ3/,[],0,üî•üî•üî•,2025-01-06T20:32:03.000Z
18356677651122883,6,,"{'fbid_v2': 17841403214038038, 'full_name': 'Laura S', 'id': '3264307134', 'is_mentionable': True, 'is_private': False, 'is_verified': False, 'latest_reel_media': 0, 'profile_pic_id': '2064127495107654784', 'profile_pic_url': 'https://scontent-waw2-2.cdninstagram.com/v/t51.2885-19/61379305_369611890568173_7947051298585575424_n.jpg?stp=dst-jpg_e0_s150x150_tt6&_nc_ht=scontent-waw2-2.cdninstagram.com&_nc_cat=101&_nc_oc=Q6cZ2AF44FQfvZ6P1QHYSRaMPdT_30sXDMFwh5qpF7ixGXcB-Ms4ihQDbuiTBYsJuqsMYAY&_nc_ohc=RNoMFV4PyggQ7kNvgGkzDzq&_nc_gid=6e6b0be02434495fa59f545caf84052f&edm=AId3EpQBAAAA&ccb=7-5&oh=00_AYBLMxlAG_sVdpbC5rToEto7F6HQs3zp3zpfB1Eef1c_Mg&oe=67B4CEF6&_nc_sid=f5838a', 'username': 'lauras20_'}",https://scontent-waw2-2.cdninstagram.com/v/t51.2885-19/61379305_369611890568173_7947051298585575424_n.jpg?stp=dst-jpg_e0_s150x150_tt6&_nc_ht=scontent-waw2-2.cdninstagram.com&_nc_cat=101&_nc_oc=Q6cZ2AF44FQfvZ6P1QHYSRaMPdT_30sXDMFwh5qpF7ixGXcB-Ms4ihQDbuiTBYsJuqsMYAY&_nc_ohc=RNoMFV4PyggQ7kNvgGkzDzq&_nc_gid=6e6b0be02434495fa59f545caf84052f&edm=AId3EpQBAAAA&ccb=7-5&oh=00_AYBLMxlAG_sVdpbC5rToEto7F6HQs3zp3zpfB1Eef1c_Mg&oe=67B4CEF6&_nc_sid=f5838a,lauras20_,https://www.instagram.com/p/DEfeJAYPXZ3/,"[{'id': '18078983449619300', 'text': '@lauras20_ PRIME Ice contains lighter flavors than PRIME Hydration ‚Äî try it out and let us know what you think! üßäüëÄ', 'ownerUsername': 'drinkprime', 'ownerProfilePicUrl': 'https://scontent-waw2-2.cdninstagram.com/v/t51.2885-19/476488059_3942534119347725_8413870361215856940_n.jpg?stp=dst-jpg_e0_s150x150_tt6&_nc_ht=scontent-waw2-2.cdninstagram.com&_nc_cat=1&_nc_oc=Q6cZ2AF44FQfvZ6P1QHYSRaMPdT_30sXDMFwh5qpF7ixGXcB-Ms4ihQDbuiTBYsJuqsMYAY&_nc_ohc=_8WT6TeLgFwQ7kNvgERhXWo&_nc_gid=6e6b0be02434495fa59f545caf84052f&edm=AId3EpQBAAAA&ccb=7-5&oh=00_AYA5ZEKqe39TL-U4qt2W7aqKo0eVSYKrN_I2g7JfphiGpg&oe=67B4BAA2&_nc_sid=f5838a', 'timestamp': '2025-01-27T15:31:25.000Z', 'repliesCount': 0, 'replies': [], 'likesCount': 5, 'owner': {'fbid_v2': 17841448825066336, 'full_name': 'PRIME', 'id': '48770691502', 'is_mentionable': True, 'is_private': False, 'is_verified': True, 'latest_reel_media': 1739502240, 'profile_pic_id': '3561425484669314362', 'profile_pic_url': 'https://scontent-waw2-2.cdninstagram.com/v/t51.2885-19/476488059_3942534119347725_8413870361215856940_n.jpg?stp=dst-jpg_e0_s150x150_tt6&_nc_ht=scontent-waw2-2.cdninstagram.com&_nc_cat=1&_nc_oc=Q6cZ2AF44FQfvZ6P1QHYSRaMPdT_30sXDMFwh5qpF7ixGXcB-Ms4ihQDbuiTBYsJuqsMYAY&_nc_ohc=_8WT6TeLgFwQ7kNvgERhXWo&_nc_gid=6e6b0be02434495fa59f545caf84052f&edm=AId3EpQBAAAA&ccb=7-5&oh=00_AYA5ZEKqe39TL-U4qt2W7aqKo0eVSYKrN_I2g7JfphiGpg&oe=67B4BAA2&_nc_sid=f5838a', 'username': 'drinkprime'}}]",2,What‚Äôs the difference between regular Prime and Prime Ice?,2025-01-26T18:29:32.000Z
18123110629416731,2,,"{'fbid_v2': 17841467813927660, 'full_name': '', 'id': '67741276464', 'is_mentionable': True, 'is_private': True, 'is_verified': False, 'profile_pic_id': '3542475339014287822', 'profile_pic_url': 'https://scontent-waw2-2.cdninstagram.com/v/t51.2885-19/472969426_1280006320001823_2712547864332009248_n.jpg?stp=dst-jpg_e0_s150x150_tt6&_nc_ht=scontent-waw2-2.cdninstagram.com&_nc_cat=103&_nc_oc=Q6cZ2AF44FQfvZ6P1QHYSRaMPdT_30sXDMFwh5qpF7ixGXcB-Ms4ihQDbuiTBYsJuqsMYAY&_nc_ohc=cbVGcc7gPP0Q7kNvgGsHJKw&_nc_gid=6e6b0be02434495fa59f545caf84052f&edm=AId3EpQBAAAA&ccb=7-5&oh=00_AYBg_egWn7yDTJ_EZeZvmzge1e1A8ZP3PdlyTvm-B7SOgw&oe=67B4E694&_nc_sid=f5838a', 'username': 'mikrockiess'}",https://scontent-waw2-2.cdninstagram.com/v/t51.2885-19/472969426_1280006320001823_2712547864332009248_n.jpg?stp=dst-jpg_e0_s150x150_tt6&_nc_ht=scontent-waw2-2.cdninstagram.com&_nc_cat=103&_nc_oc=Q6cZ2AF44FQfvZ6P1QHYSRaMPdT_30sXDMFwh5qpF7ixGXcB-Ms4ihQDbuiTBYsJuqsMYAY&_nc_ohc=cbVGcc7gPP0Q7kNvgGsHJKw&_nc_gid=6e6b0be02434495fa59f545caf84052f&edm=AId3EpQBAAAA&ccb=7-5&oh=00_AYBg_egWn7yDTJ_EZeZvmzge1e1A8ZP3PdlyTvm-B7SOgw&oe=67B4E694&_nc_sid=f5838a,mikrockiess,https://www.instagram.com/p/DEfeJAYPXZ3/,[],0,central olatunji üî•üî•,2025-01-30T11:52:46.000Z
18453772330068123,13,,"{'fbid_v2': 17841453965684740, 'full_name': 'Brianna', 'id': '53797926856', 'is_mentionable': True, 'is_private': False, 'is_verified': False, 'latest_reel_media': 0, 'profile_pic_id': '3547498286938478092', 'profile_pic_url': 'https://scontent-waw2-1.cdninstagram.com/v/t51.2885-19/474025360_1315682539773730_5891713188167479633_n.jpg?stp=dst-jpg_e0_s150x150_tt6&_nc_ht=scontent-waw2-1.cdninstagram.com&_nc_cat=110&_nc_oc=Q6cZ2AF44FQfvZ6P1QHYSRaMPdT_30sXDMFwh5qpF7ixGXcB-Ms4ihQDbuiTBYsJuqsMYAY&_nc_ohc=D3pvUewW1AEQ7kNvgFITYSd&_nc_gid=6e6b0be02434495fa59f545caf84052f&edm=AId3EpQBAAAA&ccb=7-5&oh=00_AYDMFRpa3xLadgkaB32efLOBS2hgAkSqsRlViwkOz7IxTQ&oe=67B4BB55&_nc_sid=f5838a', 'username': 'brianna0singer'}",https://scontent-waw2-1.cdninstagram.com/v/t51.2885-19/474025360_1315682539773730_5891713188167479633_n.jpg?stp=dst-jpg_e0_s150x150_tt6&_nc_ht=scontent-waw2-1.cdninstagram.com&_nc_cat=110&_nc_oc=Q6cZ2AF44FQfvZ6P1QHYSRaMPdT_30sXDMFwh5qpF7ixGXcB-Ms4ihQDbuiTBYsJuqsMYAY&_nc_ohc=D3pvUewW1AEQ7kNvgFITYSd&_nc_gid=6e6b0be02434495fa59f545caf84052f&edm=AId3EpQBAAAA&ccb=7-5&oh=00_AYDMFRpa3xLadgkaB32efLOBS2hgAkSqsRlViwkOz7IxTQ&oe=67B4BB55&_nc_sid=f5838a,brianna0singer,https://www.instagram.com/p/DEfeJAYPXZ3/,[],0,I already got them! They are amazing ü§ç,2025-01-06T18:59:51.000Z
18074505178729925,205,,"{'fbid_v2': 17841457333115716, 'full_name': 'PRIME Minister Taz', 'id': '57325743103', 'is_mentionable': True, 'is_private': False, 'is_verified': False, 'latest_reel_media': 0, 'profile_pic_id': '3057575939952150148', 'profile_pic_url': 'https://scontent-dus1-1.cdninstagram.com/v/t51.2885-19/335487715_604671911517135_4019770562778418778_n.jpg?stp=dst-jpg_e0_s150x150_tt6&_nc_ht=scontent-dus1-1.cdninstagram.com&_nc_cat=103&_nc_oc=Q6cZ2AGXaVfidvYe0eOmn2ulfAqyWZQAZBJIEzUqzq8irjpYjMUX0VAi1pVp0K8oM4gBSig&_nc_ohc=tx5c5qkPtkQQ7kNvgHSO8PM&_nc_gid=db7ef6789a134e32ba40b4a338007965&edm=AId3EpQBAAAA&ccb=7-5&oh=00_AYDtjZn04KcFdy5qRh93IMJI7-LfXnYhPHAPFje2bReXuQ&oe=67B4C0CE&_nc_sid=f5838a', 'username': 'prime_minister_taz'}",https://scontent-dus1-1.cdninstagram.com/v/t51.2885-19/335487715_604671911517135_4019770562778418778_n.jpg?stp=dst-jpg_e0_s150x150_tt6&_nc_ht=scontent-dus1-1.cdninstagram.com&_nc_cat=103&_nc_oc=Q6cZ2AGXaVfidvYe0eOmn2ulfAqyWZQAZBJIEzUqzq8irjpYjMUX0VAi1pVp0K8oM4gBSig&_nc_ohc=tx5c5qkPtkQQ7kNvgHSO8PM&_nc_gid=db7ef6789a134e32ba40b4a338007965&edm=AId3EpQBAAAA&ccb=7-5&oh=00_AYDtjZn04KcFdy5qRh93IMJI7-LfXnYhPHAPFje2bReXuQ&oe=67B4C0CE&_nc_sid=f5838a,prime_minister_taz,https://www.instagram.com/p/DFasePXxj1u/,"[{'id': '18490105354031216', 'text': '@prime_minister_taz Energy upgrade unlocked üîì', 'ownerUsername': 'drinkprime', 'ownerProfilePicUrl': 'https://scontent-dus1-1.cdninstagram.com/v/t51.2885-19/476488059_3942534119347725_8413870361215856940_n.jpg?stp=dst-jpg_e0_s150x150_tt6&_nc_ht=scontent-dus1-1.cdninstagram.com&_nc_cat=1&_nc_oc=Q6cZ2AGXaVfidvYe0eOmn2ulfAqyWZQAZBJIEzUqzq8irjpYjMUX0VAi1pVp0K8oM4gBSig&_nc_ohc=_8WT6TeLgFwQ7kNvgFHbiWj&_nc_gid=db7ef6789a134e32ba40b4a338007965&edm=AId3EpQBAAAA&ccb=7-5&oh=00_AYArWT-VKNy1116CJrOL_dsImiIXj5u6WL08yVzi335KlQ&oe=67B4BAA2&_nc_sid=f5838a', 'timestamp': '2025-01-29T17:24:29.000Z', 'repliesCount': 0, 'replies': [], 'likesCount': 52, 'owner': {'fbid_v2': 17841448825066336, 'full_name': 'PRIME', 'id': '48770691502', 'is_mentionable': True, 'is_private': False, 'is_verified': True, 'latest_reel_media': 1739502240, 'profile_pic_id': '3561425484669314362', 'profile_pic_url': 'https://scontent-dus1-1.cdninstagram.com/v/t51.2885-19/476488059_3942534119347725_8413870361215856940_n.jpg?stp=dst-jpg_e0_s150x150_tt6&_nc_ht=scontent-dus1-1.cdninstagram.com&_nc_cat=1&_nc_oc=Q6cZ2AGXaVfidvYe0eOmn2ulfAqyWZQAZBJIEzUqzq8irjpYjMUX0VAi1pVp0K8oM4gBSig&_nc_ohc=_8WT6TeLgFwQ7kNvgFHbiWj&_nc_gid=db7ef6789a134e32ba40b4a338007965&edm=AId3EpQBAAAA&ccb=7-5&oh=00_AYArWT-VKNy1116CJrOL_dsImiIXj5u6WL08yVzi335KlQ&oe=67B4BAA2&_nc_sid=f5838a', 'username': 'drinkprime'}}]",5,That actually sounds banging,2025-01-29T17:23:19.000Z
18021552851418233,3,,"{'fbid_v2': 17841448137478852, 'full_name': '', 'id': '48150828582', 'is_mentionable': False, 'is_private': False, 'is_verified': False, 'latest_reel_media': 0, 'profile_pic_id': '3560636433987423287', 'profile_pic_url': 'https://scontent-dus1-1.cdninstagram.com/v/t51.2885-19/475805185_489847120582283_7844503930182555536_n.jpg?stp=dst-jpg_e0_s150x150_tt6&_nc_ht=scontent-dus1-1.cdninstagram.com&_nc_cat=111&_nc_oc=Q6cZ2AGXaVfidvYe0eOmn2ulfAqyWZQAZBJIEzUqzq8irjpYjMUX0VAi1pVp0K8oM4gBSig&_nc_ohc=GGJx9rTaCh4Q7kNvgHwbvYB&_nc_gid=db7ef6789a134e32ba40b4a338007965&edm=AId3EpQBAAAA&ccb=7-5&oh=00_AYAn7mLbvVqmkOQFuKnB53Clw6NK4vRJjtjDxRA_jqwf6g&oe=67B4E825&_nc_sid=f5838a', 'username': 'instausername_doesntexist'}",https://scontent-dus1-1.cdninstagram.com/v/t51.2885-19/475805185_489847120582283_7844503930182555536_n.jpg?stp=dst-jpg_e0_s150x150_tt6&_nc_ht=scontent-dus1-1.cdninstagram.com&_nc_cat=111&_nc_oc=Q6cZ2AGXaVfidvYe0eOmn2ulfAqyWZQAZBJIEzUqzq8irjpYjMUX0VAi1pVp0K8oM4gBSig&_nc_ohc=GGJx9rTaCh4Q7kNvgHwbvYB&_nc_gid=db7ef6789a134e32ba40b4a338007965&edm=AId3EpQBAAAA&ccb=7-5&oh=00_AYAn7mLbvVqmkOQFuKnB53Clw6NK4vRJjtjDxRA_jqwf6g&oe=67B4E825&_nc_sid=f5838a,instausername_doesntexist,https://www.instagram.com/p/DFasePXxj1u/,[],1,Need to try this flavour asap,2025-02-01T11:21:18.000Z
18370134292185882,7,,"{'fbid_v2': 17841459233774616, 'full_name': 'Zach Johnson', 'id': '59076934459', 'is_mentionable': True, 'is_private': False, 'is_verified': True, 'latest_reel_media': 1739505007, 'profile_pic_id': '3558471008247814412', 'profile_pic_url': 'https://scontent-dus1-1.cdninstagram.com/v/t51.2885-19/475424237_623260786758030_14101873588269970_n.jpg?stp=dst-jpg_e0_s150x150_tt6&_nc_ht=scontent-dus1-1.cdninstagram.com&_nc_cat=106&_nc_oc=Q6cZ2AGXaVfidvYe0eOmn2ulfAqyWZQAZBJIEzUqzq8irjpYjMUX0VAi1pVp0K8oM4gBSig&_nc_ohc=mK5a76glDzoQ7kNvgFlS0Q7&_nc_gid=db7ef6789a134e32ba40b4a338007965&edm=AId3EpQBAAAA&ccb=7-5&oh=00_AYBxSsez2rQI-OTrxl4P1Gw67Q19OosVKLcOPr6zQyd16g&oe=67B4E8E4&_nc_sid=f5838a', 'username': 'zachziggyjohnson'}",https://scontent-dus1-1.cdninstagram.com/v/t51.2885-19/475424237_623260786758030_14101873588269970_n.jpg?stp=dst-jpg_e0_s150x150_tt6&_nc_ht=scontent-dus1-1.cdninstagram.com&_nc_cat=106&_nc_oc=Q6cZ2AGXaVfidvYe0eOmn2ulfAqyWZQAZBJIEzUqzq8irjpYjMUX0VAi1pVp0K8oM4gBSig&_nc_ohc=mK5a76glDzoQ7kNvgFlS0Q7&_nc_gid=db7ef6789a134e32ba40b4a338007965&edm=AId3EpQBAAAA&ccb=7-5&oh=00_AYBxSsez2rQI-OTrxl4P1Gw67Q19OosVKLcOPr6zQyd16g&oe=67B4E8E4&_nc_sid=f5838a,zachziggyjohnson,https://www.instagram.com/p/DFasePXxj1u/,[],0,üî•üî•üî•üî•,2025-01-29T20:38:02.000Z
17845324182409036,1,,"{'fbid_v2': 17841469544761860, 'full_name': '', 'id': '69534878158', 'is_mentionable': True, 'is_private': True, 'is_verified': False, 'profile_pic_id': '3475969700799951547', 'profile_pic_url': 'https://scontent-dus1-1.cdninstagram.com/v/t51.2885-19/462585175_1095136508842834_2501338546940524665_n.jpg?stp=dst-jpg_e0_s150x150_tt6&_nc_ht=scontent-dus1-1.cdninstagram.com&_nc_cat=110&_nc_oc=Q6cZ2AGXaVfidvYe0eOmn2ulfAqyWZQAZBJIEzUqzq8irjpYjMUX0VAi1pVp0K8oM4gBSig&_nc_ohc=W4GNVyswfy0Q7kNvgGbhsXt&_nc_gid=db7ef6789a134e32ba40b4a338007965&edm=AId3EpQBAAAA&ccb=7-5&oh=00_AYBtB01y3YRDN2U8ljxxImmm8seEMLhJOgKidAdBW0NYiA&oe=67B4E09E&_nc_sid=f5838a', 'username': 'richi_3097'}",https://scontent-dus1-1.cdninstagram.com/v/t51.2885-19/462585175_1095136508842834_2501338546940524665_n.jpg?stp=dst-jpg_e0_s150x150_tt6&_nc_ht=scontent-dus1-1.cdninstagram.com&_nc_cat=110&_nc_oc=Q6cZ2AGXaVfidvYe0eOmn2ulfAqyWZQAZBJIEzUqzq8irjpYjMUX0VAi1pVp0K8oM4gBSig&_nc_ohc=W4GNVyswfy0Q7kNvgGbhsXt&_nc_gid=db7ef6789a134e32ba40b4a338007965&edm=AId3EpQBAAAA&ccb=7-5&oh=00_AYBtB01y3YRDN2U8ljxxImmm8seEMLhJOgKidAdBW0NYiA&oe=67B4E09E&_nc_sid=f5838a,richi_3097,https://www.instagram.com/p/DFasePXxj1u/,[],0,üî•üî•üî•üôå,2025-02-04T17:50:01.000Z
18067743880873436,22,,"{'fbid_v2': 17841427913260208, 'full_name': 'Simon Gibb', 'id': '27841666442', 'is_mentionable': True, 'is_private': False, 'is_verified': False, 'latest_reel_media': 0, 'profile_pic_id': '2959148419806003630', 'profile_pic_url': 'https://scontent-dus1-1.cdninstagram.com/v/t51.2885-19/313280909_1778766062503943_1528192199097746905_n.jpg?stp=dst-jpg_e0_s150x150_tt6&_nc_ht=scontent-dus1-1.cdninstagram.com&_nc_cat=111&_nc_oc=Q6cZ2AGXaVfidvYe0eOmn2ulfAqyWZQAZBJIEzUqzq8irjpYjMUX0VAi1pVp0K8oM4gBSig&_nc_ohc=EHhEucGb9rUQ7kNvgEz0COS&_nc_gid=db7ef6789a134e32ba40b4a338007965&edm=AId3EpQBAAAA&ccb=7-5&oh=00_AYB0LdMTwMi85IBvb9hbWPIMPg3trYlo6_KSehkmj7gSMA&oe=67B4EF89&_nc_sid=f5838a', 'username': 'simon.gibb'}",https://scontent-dus1-1.cdninstagram.com/v/t51.2885-19/313280909_1778766062503943_1528192199097746905_n.jpg?stp=dst-jpg_e0_s150x150_tt6&_nc_ht=scontent-dus1-1.cdninstagram.com&_nc_cat=111&_nc_oc=Q6cZ2AGXaVfidvYe0eOmn2ulfAqyWZQAZBJIEzUqzq8irjpYjMUX0VAi1pVp0K8oM4gBSig&_nc_ohc=EHhEucGb9rUQ7kNvgEz0COS&_nc_gid=db7ef6789a134e32ba40b4a338007965&edm=AId3EpQBAAAA&ccb=7-5&oh=00_AYB0LdMTwMi85IBvb9hbWPIMPg3trYlo6_KSehkmj7gSMA&oe=67B4EF89&_nc_sid=f5838a,simon.gibb,https://www.instagram.com/p/DFasePXxj1u/,"[{'id': '17882893869124351', 'text': '@simon.gibb Possibly in the future ‚Äî turn on our post notifications to keep up with upcoming announcements ‚ö°', 'ownerUsername': 'drinkprime', 'ownerProfilePicUrl': 'https://scontent-dus1-1.cdninstagram.com/v/t51.2885-19/476488059_3942534119347725_8413870361215856940_n.jpg?stp=dst-jpg_e0_s150x150_tt6&_nc_ht=scontent-dus1-1.cdninstagram.com&_nc_cat=1&_nc_oc=Q6cZ2AGXaVfidvYe0eOmn2ulfAqyWZQAZBJIEzUqzq8irjpYjMUX0VAi1pVp0K8oM4gBSig&_nc_ohc=_8WT6TeLgFwQ7kNvgFHbiWj&_nc_gid=db7ef6789a134e32ba40b4a338007965&edm=AId3EpQBAAAA&ccb=7-5&oh=00_AYArWT-VKNy1116CJrOL_dsImiIXj5u6WL08yVzi335KlQ&oe=67B4BAA2&_nc_sid=f5838a', 'timestamp': '2025-01-29T18:10:51.000Z', 'repliesCount': 0, 'replies': [], 'likesCount': 19, 'owner': {'fbid_v2': 17841448825066336, 'full_name': 'PRIME', 'id': '48770691502', 'is_mentionable': True, 'is_private': False, 'is_verified': True, 'latest_reel_media': 1739502240, 'profile_pic_id': '3561425484669314362', 'profile_pic_url': 'https://scontent-dus1-1.cdninstagram.com/v/t51.2885-19/476488059_3942534119347725_8413870361215856940_n.jpg?stp=dst-jpg_e0_s150x150_tt6&_nc_ht=scontent-dus1-1.cdninstagram.com&_nc_cat=1&_nc_oc=Q6cZ2AGXaVfidvYe0eOmn2ulfAqyWZQAZBJIEzUqzq8irjpYjMUX0VAi1pVp0K8oM4gBSig&_nc_ohc=_8WT6TeLgFwQ7kNvgFHbiWj&_nc_gid=db7ef6789a134e32ba40b4a338007965&edm=AId3EpQBAAAA&ccb=7-5&oh=00_AYArWT-VKNy1116CJrOL_dsImiIXj5u6WL08yVzi335KlQ&oe=67B4BAA2&_nc_sid=f5838a', 'username': 'drinkprime'}}]",4,will this be available in the UK üëÄ,2025-01-29T18:08:46.000Z
